age,gender,bmi,bloodPressure,glucose,cholesterol,smoking,physicalActivity,familyHistory,riskLevel
69,0,32.8,116,102,167,0,0,0,Medium
32,0,28.1,119,97,163,0,1,1,Low
78,1,26.3,95,97,140,0,0,1,Medium
38,0,22.2,133,150,221,0,2,0,Low
41,0,32.2,112,128,212,0,2,0,Medium
20,0,28.8,133,65,193,1,2,0,Low
39,0,22.8,105,146,188,0,2,0,Low
70,1,31.2,145,133,132,0,1,0,High
19,1,29.4,141,131,215,0,1,1,High
47,1,22.3,115,146,192,0,1,1,Medium
55,0,26.0,134,116,241,0,0,1,High
19,1,23.9,129,137,211,0,0,0,Low
81,0,40.2,155,99,233,0,0,0,High
77,1,29.3,109,145,205,0,1,0,Medium
38,1,27.5,125,123,212,1,1,0,Medium
50,1,29.0,116,67,242,0,0,0,Low
75,1,33.7,129,151,197,0,0,0,High
39,1,26.1,138,110,224,0,1,0,Low
66,0,23.4,116,106,187,1,0,1,Medium
76,1,30.9,121,100,200,0,2,1,Medium
59,0,25.6,145,102,269,1,0,0,High
77,0,20.9,152,123,231,0,1,1,High
32,0,19.9,137,80,183,0,1,0,Low
79,0,34.5,126,65,222,0,0,0,Medium
79,0,27.2,124,78,154,0,1,1,Low
64,1,23.4,138,128,196,0,1,0,Medium
79,1,25.3,132,109,167,0,2,1,Medium
68,1,30.7,98,154,223,0,1,1,High
72,1,25.0,138,113,197,0,0,1,Medium
81,0,19.0,113,144,216,0,0,1,High
20,1,28.2,102,91,236,1,0,0,Low
68,1,32.8,98,100,187,1,0,0,High
24,0,32.4,124,115,188,0,1,0,Low
38,0,23.6,110,110,204,1,2,0,Low
56,1,33.1,88,107,171,0,1,0,Low
35,1,27.6,122,84,205,0,1,1,Low
21,0,33.0,119,65,207,0,1,0,Low
77,1,29.5,125,137,214,0,2,1,Medium
31,1,18.6,117,133,222,0,0,1,High
26,1,35.6,161,94,141,0,1,0,Medium
70,1,26.8,137,128,154,0,2,0,Medium
19,0,29.5,119,109,158,0,0,0,Low
77,0,19.5,127,154,209,1,0,0,Medium
61,0,29.1,153,69,194,1,2,0,Medium
25,1,32.2,145,111,114,0,1,0,High
64,1,36.6,103,108,283,0,0,1,High
52,1,33.8,110,121,125,0,1,0,Low
53,1,29.4,114,169,206,0,1,1,Medium
67,1,18.5,120,111,228,0,1,1,Low
21,0,27.2,117,141,176,0,1,0,Medium
19,1,23.4,129,110,231,0,0,0,Low
23,1,27.7,141,152,165,0,1,1,High
71,0,20.2,144,141,212,1,1,1,High
21,1,25.4,122,103,118,1,2,0,Low
71,0,23.8,99,101,252,0,0,0,Medium
80,0,23.6,109,132,205,0,2,0,Low
35,0,23.7,119,92,141,1,0,0,Low
61,0,25.8,106,122,230,0,1,0,Low
51,0,28.0,149,103,270,0,2,0,Medium
79,1,16.0,107,128,168,0,1,1,Medium
31,0,16.0,139,109,197,0,0,0,Low
65,0,24.7,98,91,184,1,0,0,Low
32,1,25.5,140,154,174,0,1,0,High
79,1,27.5,125,123,170,0,1,1,Medium
57,0,22.7,155,113,179,0,2,0,Medium
70,1,26.5,108,130,181,0,1,1,Medium
41,1,27.2,118,65,191,0,2,0,Low
43,0,22.7,121,188,188,0,1,0,Low
77,0,31.8,125,116,235,0,2,0,Medium
58,1,27.4,122,65,232,0,0,1,Low
46,0,29.3,122,157,144,0,2,0,Low
32,0,26.9,122,89,181,0,1,0,Low
62,1,37.4,91,152,255,0,2,1,High
82,0,29.6,146,119,217,0,0,1,High
26,0,24.0,180,65,218,0,1,0,Low
18,0,30.8,133,124,215,0,1,1,Medium
25,0,18.0,108,122,195,0,2,0,Low
80,0,27.1,109,155,203,1,1,0,High
28,1,28.2,139,133,189,0,1,0,Medium
25,1,27.2,135,72,239,0,1,0,Low
52,0,24.8,123,150,189,0,1,0,Medium
52,1,21.2,142,101,200,0,0,0,Medium
50,0,22.4,91,175,234,0,0,0,Medium
22,0,27.0,142,103,192,0,0,0,Medium
58,0,20.7,132,108,202,0,1,0,Low
45,0,35.7,110,86,191,0,2,0,Low
24,0,16.0,102,98,201,0,2,0,Low
29,1,24.8,130,88,192,0,0,0,Low
51,1,27.1,153,156,184,0,0,1,High
50,0,29.1,124,68,177,0,0,0,Low
65,1,21.7,113,143,198,1,0,0,High
40,0,32.4,131,144,246,1,0,0,High
79,1,19.3,161,163,230,0,1,1,High
54,0,23.6,136,117,142,0,1,0,Low
61,1,29.7,138,79,188,0,1,0,Low
52,0,31.9,150,109,179,0,1,0,Medium
82,0,19.2,137,136,143,0,0,1,Medium
64,1,40.3,114,118,216,0,1,0,Medium
20,1,21.8,97,128,201,0,2,0,Low
18,0,19.7,111,163,286,0,0,0,Medium
22,1,29.1,108,135,192,0,0,0,Low
31,0,24.7,140,122,174,1,0,0,Medium
44,1,23.9,142,65,170,0,0,1,Medium
26,1,29.6,131,88,187,0,1,0,Low
32,0,18.6,105,101,229,0,0,0,Low
59,1,17.6,160,65,233,0,1,0,Low
68,1,23.4,121,76,322,0,0,0,Medium
80,0,32.1,139,106,157,0,1,0,Medium
69,1,23.6,129,111,208,0,0,0,Low
21,0,34.8,132,133,178,0,1,1,High
40,0,32.7,138,108,219,0,0,0,Medium
32,0,28.0,115,124,260,0,0,0,Medium
60,0,28.3,151,100,239,0,2,1,Medium
46,0,28.0,100,116,157,0,1,0,Low
53,1,27.3,109,131,232,0,0,1,High
30,0,24.6,151,167,120,0,1,0,Medium
49,0,25.2,139,97,110,0,1,0,Low
76,1,20.9,174,120,195,1,1,0,Medium
45,1,16.0,129,145,229,0,1,0,Medium
83,1,32.2,159,65,219,1,2,0,High
59,0,27.3,95,185,281,0,0,1,High
62,0,26.5,103,156,209,1,1,1,High
79,0,28.6,144,65,201,0,0,0,Medium
74,1,22.2,97,128,251,1,1,1,High
23,0,21.3,124,95,190,0,2,0,Low
45,1,25.0,149,101,221,0,2,1,High
45,0,33.6,137,127,223,0,1,0,High
61,1,20.4,128,152,166,1,2,1,High
47,0,16.0,120,99,220,0,1,0,Low
79,0,23.8,132,99,292,0,1,1,Medium
79,0,32.4,138,128,250,0,2,1,High
18,1,17.5,116,135,171,0,0,0,Low
44,1,20.4,135,80,299,0,1,0,Low
79,0,27.9,147,175,233,0,1,1,High
20,0,39.9,124,92,222,1,2,0,Low
44,0,19.4,129,149,201,1,2,0,Medium
26,1,19.2,137,131,232,0,2,0,Medium
79,0,28.3,138,136,209,0,2,1,High
54,0,32.8,144,93,206,0,1,0,High
68,0,23.3,110,65,200,0,0,0,Low
61,0,18.1,118,114,244,0,0,1,Medium
41,1,28.8,119,114,240,1,1,0,Medium
76,1,29.7,112,81,199,0,1,0,Low
49,0,35.7,96,147,144,1,1,0,High
69,0,29.9,88,113,206,1,1,1,High
79,1,30.8,150,87,176,0,2,0,Medium
75,1,25.1,100,135,186,1,1,0,Medium
69,0,39.2,156,136,200,0,2,1,High
29,1,24.4,141,90,163,0,2,0,Low
56,1,23.3,121,158,141,0,1,1,Low
19,0,35.9,139,194,217,0,1,0,High
20,1,18.8,136,77,206,0,1,1,Low
73,1,16.9,108,109,205,0,1,0,Low
76,0,27.1,128,127,225,0,0,1,High
19,0,26.5,110,195,179,0,0,0,Low
19,1,25.3,140,89,218,0,0,0,Medium
71,0,31.7,115,82,258,0,0,1,Medium
18,1,21.8,126,82,195,0,0,0,Low
36,0,26.8,125,158,281,0,0,1,High
19,1,24.6,130,90,207,0,1,0,Low
70,0,21.9,158,85,171,0,2,0,Low
61,1,26.2,124,123,239,1,1,1,Medium
49,1,30.9,150,126,200,0,2,0,High
49,1,37.5,137,152,247,0,1,1,High
72,0,29.5,154,118,222,0,1,0,Medium
73,0,16.0,122,124,192,0,1,0,Low
34,1,26.3,141,111,266,0,0,1,High
55,1,26.8,127,69,185,0,2,0,Low
41,0,31.4,88,108,118,1,2,0,Medium
28,0,27.5,108,117,240,1,1,1,High
33,0,33.0,138,99,219,0,0,0,Medium
76,0,28.5,137,65,256,1,1,0,High
20,0,34.6,105,75,170,0,0,1,Low
37,0,24.2,132,114,195,1,0,1,Medium
76,1,27.3,137,148,191,0,2,0,Medium
53,0,30.8,127,174,242,0,1,0,High
36,1,23.5,141,109,231,0,1,1,Medium
84,0,22.4,139,90,214,0,2,0,Low
36,0,23.2,127,102,214,1,1,0,Low
37,1,22.6,119,78,159,0,1,1,Low
69,1,29.2,147,143,236,0,0,0,High
50,0,17.0,136,190,237,0,0,0,High
57,1,18.4,103,91,297,0,1,1,Low
56,1,36.2,132,73,224,0,1,1,Medium
18,1,22.7,107,150,230,1,0,1,Medium
28,1,27.5,111,126,224,1,0,0,Medium
74,0,18.8,116,127,177,0,1,0,Medium
67,1,27.0,129,171,255,0,1,1,High
40,0,22.8,135,67,203,0,1,0,Low
48,0,18.4,121,66,197,1,1,1,Low
59,0,33.5,121,109,200,1,0,0,Medium
24,0,32.6,119,117,202,0,1,1,Medium
33,1,25.9,147,103,186,1,2,0,Medium
77,1,31.7,88,201,214,0,0,0,High
19,0,36.4,122,104,201,0,1,0,Medium
18,0,30.4,156,96,198,1,1,1,High
65,0,29.0,137,119,225,0,1,0,Low
29,0,27.5,151,149,208,0,0,0,High
54,1,29.9,91,90,183,0,2,0,Low
49,0,24.6,106,110,174,0,1,0,Low
26,1,25.1,137,150,209,0,2,1,Medium
36,0,28.8,156,152,175,1,0,0,High
65,0,24.0,107,123,172,0,1,0,Low
20,0,24.6,121,200,173,1,1,0,Medium
37,0,26.5,135,184,215,0,1,1,Medium
41,1,32.5,102,66,253,0,1,1,High
71,1,20.6,137,65,219,1,1,0,Low
50,1,30.4,88,143,240,0,0,0,High
41,0,30.6,137,163,202,0,1,0,High
53,0,30.6,110,107,211,0,0,1,Medium
55,1,22.3,120,97,271,0,0,0,Low
42,1,17.7,140,86,238,0,1,1,Medium
35,0,29.4,136,74,242,1,0,0,Medium
83,0,27.5,128,155,194,1,2,1,High
71,1,31.7,145,102,205,0,2,0,High
52,0,22.9,97,126,221,1,1,1,Medium
78,0,30.5,132,65,181,1,2,0,Medium
58,1,32.0,114,150,110,0,2,0,Medium
50,0,26.0,145,136,221,0,0,1,High
50,1,28.7,140,68,243,0,2,0,Medium
31,0,28.5,141,124,207,0,0,0,Medium
38,1,22.2,158,115,181,0,1,1,Medium
65,0,29.3,148,99,192,0,1,0,Low
37,1,34.9,125,65,124,0,1,0,Low
25,1,26.6,128,92,192,0,0,0,Low
24,1,18.9,139,126,160,0,0,0,Medium
84,1,22.9,130,96,177,0,1,1,Low
34,0,17.2,141,107,158,0,1,0,Low
50,0,33.2,88,167,154,1,1,0,High
65,1,30.5,162,112,165,0,1,0,High
76,0,23.9,129,65,230,1,0,0,Medium
39,0,19.1,99,109,185,1,0,1,Medium
47,0,22.2,112,118,161,0,1,1,Low
55,0,23.2,90,86,235,1,1,0,Low
68,0,27.1,108,141,210,1,0,0,High
71,1,26.9,125,65,110,0,0,1,Low
25,1,33.5,155,110,245,1,0,0,High
44,1,22.9,135,65,208,1,0,0,Medium
44,1,18.7,132,105,236,1,1,0,Low
38,0,20.5,108,140,196,0,1,0,Low
47,0,26.4,113,109,269,0,1,1,Medium
45,1,22.7,115,107,190,0,2,0,Low
81,0,25.0,115,116,110,0,0,1,Medium
78,0,24.1,122,118,169,0,1,0,Low
65,1,31.6,123,139,225,0,1,0,High
36,0,23.4,122,139,211,0,1,1,Medium
21,1,24.5,116,165,200,0,1,1,Medium
52,1,30.2,130,121,166,0,1,1,Medium
81,0,23.6,122,65,206,0,1,0,Low
66,0,28.7,99,145,204,0,0,1,High
34,1,28.2,129,162,204,0,1,0,Medium
61,1,27.2,126,201,227,0,1,0,Medium
47,0,20.6,100,166,212,0,2,0,Medium
63,1,32.9,117,98,195,1,1,0,Low
23,1,38.0,139,122,165,1,1,1,Medium
54,1,26.5,108,106,259,1,1,1,High
41,0,21.1,106,101,284,0,2,0,Low
63,1,26.7,122,111,275,0,2,0,Low
70,0,31.6,139,160,233,0,1,1,High
77,1,23.3,161,65,138,1,1,0,Medium
80,0,25.8,140,80,133,1,0,0,Medium
49,1,28.3,148,158,183,0,1,0,High
50,0,32.8,134,166,203,1,1,0,High
84,0,30.5,116,92,201,0,1,1,Medium
35,0,30.7,140,173,213,0,0,0,High
42,1,24.3,126,149,149,0,1,0,Low
71,1,28.6,135,106,269,0,0,1,High
75,1,22.7,111,65,265,0,1,0,Low
84,0,30.9,136,65,153,1,0,1,High
63,1,32.5,126,92,131,0,1,0,Medium
41,0,29.4,132,142,201,0,0,1,High
49,1,24.6,126,142,255,1,0,0,High
64,0,25.4,123,99,204,0,1,0,Low
40,0,35.9,137,107,215,0,0,0,Medium
83,0,24.7,121,114,187,0,1,0,Low
44,1,32.0,99,107,211,0,2,1,Medium
19,1,28.3,94,121,243,0,2,0,Low
34,1,24.8,131,114,221,0,0,0,Low
50,0,19.5,120,65,228,0,2,0,Low
26,0,27.6,97,108,138,0,1,1,Low
60,1,27.0,130,114,291,0,2,1,High
65,1,35.9,126,150,139,1,1,0,High
56,1,22.0,119,86,211,1,0,0,Low
59,0,38.4,132,122,199,0,1,0,Medium
43,0,28.5,152,135,201,0,0,0,High
67,0,28.5,151,110,240,0,1,0,High
42,0,23.4,131,65,177,0,1,0,Low
41,0,28.1,126,150,188,0,1,1,Medium
30,1,29.0,131,141,159,1,1,1,High
77,0,31.4,134,123,250,0,2,0,Medium
24,0,21.4,123,116,216,0,2,0,Low
74,0,33.8,131,65,230,1,1,1,High
53,0,28.4,100,142,237,1,1,0,High
62,0,29.7,129,167,285,0,2,0,Medium
37,1,25.4,137,76,278,0,2,1,Medium
82,0,21.7,119,162,218,0,0,0,Medium
25,0,26.9,126,155,211,1,0,0,Medium
33,0,27.5,108,75,184,0,0,0,Low
31,1,19.3,105,101,235,0,1,0,Low
32,1,30.6,132,66,233,1,0,0,Medium
83,1,31.7,115,113,176,0,1,0,Medium
49,0,22.7,96,131,234,1,1,0,Medium
80,1,21.2,108,69,245,1,1,1,Medium
68,0,24.9,111,129,160,0,1,0,Medium
42,0,26.6,142,137,213,1,0,0,High
75,1,25.1,131,138,202,0,2,0,Medium
80,0,26.2,112,131,205,1,2,0,High
79,0,27.7,117,72,167,1,1,1,Medium
39,0,19.4,152,111,132,0,2,0,Low
75,1,20.0,145,127,175,0,0,0,High
75,0,16.0,108,166,169,1,1,0,Medium
66,0,31.4,149,115,219,0,0,0,High
69,1,26.6,127,130,220,0,1,0,Medium
59,0,31.9,142,82,218,0,0,0,Medium
32,0,20.6,125,75,149,0,1,0,Low
71,1,26.6,149,70,160,1,0,1,High
77,0,27.6,107,100,180,1,1,1,Medium
25,0,23.6,123,187,206,0,1,1,Medium
70,0,18.4,150,101,192,0,2,1,Medium
77,0,35.6,88,128,217,0,1,1,High
22,0,33.8,127,134,244,0,0,1,High
23,1,24.5,121,77,165,0,0,0,Low
64,1,29.2,140,100,167,0,2,0,Medium
72,1,24.0,147,137,210,0,1,1,High
57,1,21.3,141,130,202,1,1,0,High
69,0,36.0,132,65,235,0,1,0,Low
33,0,17.9,129,136,205,0,0,0,Medium
30,0,25.0,122,96,275,0,0,0,Medium
47,0,26.9,132,97,141,1,1,0,Medium
36,0,35.1,154,129,239,1,0,0,High
34,1,31.2,113,168,213,1,0,0,High
80,1,17.8,121,108,149,0,0,1,Low
36,0,26.5,127,156,122,0,0,1,High
75,0,26.6,146,65,160,0,0,1,Medium
72,0,25.3,132,120,253,0,2,1,Medium
79,1,29.7,146,96,249,0,1,0,High
40,0,19.2,147,125,200,1,1,0,Medium
26,0,24.4,139,105,191,0,0,0,Low
29,0,29.0,109,68,171,0,0,1,Low
18,1,30.0,158,84,198,1,2,0,Medium
75,0,27.3,153,65,186,0,1,1,Medium
18,1,25.0,129,69,273,0,0,0,Low
51,1,25.9,103,132,156,0,1,1,Medium
65,1,30.4,100,106,221,0,1,0,Medium
18,1,26.7,133,123,275,1,2,1,High
33,1,21.1,115,179,236,0,0,0,Low
78,1,20.1,97,105,160,1,1,0,Low
81,0,18.8,100,137,143,1,1,0,Medium
80,0,34.1,120,116,216,1,2,1,High
39,0,30.7,132,212,211,0,2,0,Medium
84,1,25.9,153,65,254,0,0,1,High
43,0,24.1,137,90,227,0,1,1,Low
33,1,23.5,121,138,186,0,1,1,Low
68,1,32.2,135,89,183,1,1,0,Medium
74,1,36.4,133,135,153,0,2,0,Medium
46,0,23.4,141,113,210,1,2,0,Medium
64,1,32.4,127,145,149,0,0,1,High
79,1,26.6,147,75,241,0,0,1,High
33,0,25.4,143,121,229,1,1,1,High
65,0,34.3,129,131,227,0,0,0,High
56,1,26.4,126,120,152,1,0,0,Low
50,1,28.0,145,120,199,0,1,1,Medium
40,0,27.8,115,157,189,1,2,0,Medium
27,0,18.0,101,65,209,0,0,1,Low
51,0,28.0,101,119,226,1,1,0,Medium
69,1,23.6,114,73,184,0,0,0,Low
27,0,19.1,140,142,186,0,0,1,High
36,0,23.8,120,86,232,1,1,0,Low
75,0,23.8,132,65,160,1,0,0,Low
18,1,31.9,119,142,175,0,2,1,Medium
21,0,21.0,119,106,205,0,2,1,Low
33,0,22.4,110,127,241,0,1,1,Medium
41,0,27.7,126,165,166,0,0,1,Medium
19,0,19.6,125,128,277,1,1,0,Medium
49,0,23.1,135,121,151,0,0,0,Low
41,1,17.8,133,113,267,0,0,0,Medium
29,1,31.3,124,75,253,0,1,0,Medium
67,1,24.9,101,107,148,0,1,0,Low
52,0,26.4,147,184,140,1,0,1,High
50,1,31.3,126,102,234,1,0,0,Medium
50,1,22.7,129,110,190,0,2,1,Low
78,1,24.9,157,159,165,0,1,0,High
68,0,21.0,144,65,277,0,2,0,Medium
60,0,21.0,136,137,157,0,2,0,Medium
29,1,21.7,128,65,176,0,1,1,Low
84,1,23.9,128,129,181,0,0,0,Medium
82,0,24.5,132,114,110,0,1,0,Medium
50,0,28.0,135,136,209,0,0,1,High
57,1,21.9,159,80,169,1,0,0,Medium
60,0,28.2,173,96,237,1,1,0,High
61,1,29.0,133,138,243,1,1,1,High
46,0,24.1,89,97,214,0,0,0,Low
30,1,22.3,111,141,215,0,1,0,Low
29,1,26.9,161,122,212,0,1,0,Medium
63,0,25.4,141,99,177,0,0,0,Medium
19,1,27.6,136,104,180,0,0,0,Low
52,1,34.7,125,115,258,0,0,0,Medium
25,1,26.9,107,107,234,0,1,0,Low
43,0,23.2,158,141,213,0,1,0,High
51,0,21.9,113,102,229,0,1,0,Low
24,0,22.1,141,95,203,0,1,0,Low
75,1,18.9,105,147,212,0,0,0,Medium
46,0,31.4,124,100,229,0,0,1,Medium
53,1,16.0,146,96,122,1,0,0,Medium
38,1,29.0,124,65,241,0,0,1,Medium
53,0,22.0,121,79,238,1,0,0,Low
27,0,23.8,128,86,174,0,1,0,Low
41,1,21.8,104,96,255,0,0,0,Low
81,1,34.0,101,90,116,1,1,1,High
66,0,26.6,141,149,219,0,1,0,High
53,0,30.6,120,88,207,0,1,0,Low
41,0,33.3,141,90,193,1,0,0,High
40,1,27.3,148,120,206,0,2,0,Medium
79,1,20.3,150,76,228,0,2,0,Medium
54,1,25.4,99,170,133,1,0,0,High
29,1,22.6,115,143,245,0,1,0,Medium
72,1,23.9,138,74,189,0,2,1,Low
30,0,26.0,138,150,246,0,1,0,High
40,0,25.8,168,158,231,1,0,0,High
47,1,28.6,112,75,188,0,1,0,Low
34,1,29.4,149,74,202,0,1,0,Medium
79,0,25.8,135,94,204,0,1,0,Low
30,0,28.6,98,65,269,1,2,0,Low
76,0,23.6,118,88,159,0,1,0,Low
36,0,33.3,133,101,187,1,0,0,Medium
66,1,23.6,97,133,142,0,1,0,Medium
29,0,32.7,91,118,210,0,1,0,Low
78,1,18.8,96,110,180,1,0,0,Medium
36,0,24.5,133,98,185,1,1,0,Low
26,0,24.8,119,69,264,0,2,0,Low
45,0,28.0,117,136,172,0,1,0,Medium
69,1,31.0,117,135,199,1,0,1,High
33,1,20.0,102,93,187,0,0,0,Low
29,0,20.7,120,76,189,0,1,0,Low
42,1,19.2,95,169,316,0,1,1,Medium
69,1,33.4,149,124,136,1,0,0,High
70,0,28.0,158,129,231,1,1,1,High
40,0,20.9,88,130,302,1,0,1,High
33,1,24.2,120,73,248,0,0,1,Low
74,1,32.6,121,167,207,0,1,1,High
56,1,25.1,125,101,158,0,0,0,Medium
70,0,24.7,146,144,257,0,2,0,High
59,0,22.4,120,166,242,0,0,1,High
75,1,21.2,126,118,144,0,1,0,Low
56,0,32.7,182,74,192,0,1,1,Medium
31,0,35.2,126,65,157,0,1,0,Low
22,1,21.4,160,114,110,0,1,0,Medium
52,1,33.8,137,124,156,1,1,1,High
35,0,24.0,118,95,209,0,1,0,Low
26,0,29.3,115,120,228,0,1,1,Medium
75,1,33.8,128,130,192,0,1,0,Medium
34,0,25.7,108,150,260,1,1,1,High
24,0,24.8,112,107,246,0,1,1,Medium
63,1,30.7,120,113,200,0,1,0,Medium
30,1,20.7,133,109,195,0,1,0,Low
57,0,32.5,161,116,220,0,2,0,Medium
59,0,27.2,119,97,204,1,1,1,Medium
26,0,23.5,136,97,148,0,1,1,Low
67,1,23.4,99,99,193,0,0,0,Low
44,0,19.3,147,120,232,0,1,0,Medium
83,0,23.7,97,85,258,0,1,1,Medium
22,1,25.1,142,99,243,0,2,1,Medium
46,1,21.0,127,178,218,0,1,0,Medium
54,0,26.3,126,146,263,0,1,0,High
55,1,29.0,123,82,222,1,0,1,Medium
25,1,25.4,105,145,201,1,1,0,Medium
82,0,29.9,106,137,264,0,2,1,High
34,1,22.3,143,111,234,0,0,0,Medium
62,1,31.7,128,90,257,0,0,1,Medium
21,0,27.1,122,86,157,0,1,0,Low
53,1,34.5,136,123,171,0,1,1,Medium
48,0,39.1,130,85,172,1,1,0,Medium
36,0,24.1,114,153,212,0,1,0,Medium
78,1,24.3,172,163,278,1,1,0,High
71,1,25.2,141,114,159,0,0,1,High
56,1,29.6,130,155,241,0,1,0,High
36,0,33.4,119,101,157,0,0,0,Low
56,1,23.1,145,90,290,0,1,0,Medium
84,0,28.5,114,154,141,0,1,0,Medium
62,1,25.8,112,170,235,1,2,0,Medium
30,1,29.7,158,184,240,1,1,0,High
75,1,34.3,129,127,230,0,1,0,Medium
37,0,25.3,114,145,170,0,1,1,Medium
78,1,17.8,128,126,163,1,0,1,Medium
56,1,30.4,143,164,256,1,0,1,High
18,0,22.2,139,130,247,0,2,0,Medium
20,0,25.8,146,143,246,0,2,1,High
79,1,30.6,106,75,251,0,2,0,Medium
80,1,28.0,145,107,144,0,0,0,Medium
42,1,26.0,125,143,142,0,1,0,Medium
73,0,23.5,130,140,178,0,1,0,Medium
50,0,16.0,150,146,186,0,1,0,Medium
55,0,30.1,141,119,182,0,1,0,Medium
23,0,25.2,134,92,216,0,1,0,Low
75,1,34.4,92,113,250,1,1,0,High
61,0,28.6,127,117,193,1,0,0,Low
62,0,23.7,114,123,172,0,0,0,Low
49,0,32.0,141,81,238,0,0,0,Medium
62,1,32.5,146,106,194,0,1,0,Medium
78,1,25.4,123,112,209,0,0,0,Medium
64,0,32.7,116,65,192,0,0,0,Low
38,0,23.6,156,144,219,0,1,0,High
53,1,27.3,117,121,164,0,2,1,Low
36,1,29.5,106,124,234,0,2,0,Low
37,1,30.6,113,97,204,0,0,0,Low
74,1,29.7,118,136,174,1,0,1,High
35,1,24.8,112,86,226,0,0,0,Low
64,1,32.2,143,91,174,0,2,0,Medium
66,1,25.9,88,137,176,0,1,0,Medium
31,1,23.5,112,128,157,0,0,0,Medium
32,0,23.6,127,70,137,0,2,0,Low
48,0,36.6,132,170,226,1,1,1,High
18,0,22.6,158,88,252,0,2,0,Medium
71,0,33.2,156,110,187,1,0,0,High
20,0,20.6,99,176,173,0,1,0,Low
33,0,29.0,94,65,133,0,1,1,Low
74,1,28.0,128,65,118,0,2,1,Low
29,1,34.9,116,130,234,0,2,0,Medium
33,0,23.1,107,65,126,0,1,0,Low
41,0,21.7,128,65,159,1,0,0,Low
45,1,25.9,132,156,216,0,1,0,Medium
25,1,35.2,113,101,209,0,2,0,Low
53,1,21.9,117,192,218,1,1,0,Medium
25,0,16.0,114,79,205,0,1,1,Low
75,1,26.8,121,104,191,0,1,0,Low
77,0,31.4,138,134,159,0,1,0,High
67,0,21.2,109,132,180,0,1,0,Medium
45,1,30.9,116,106,193,0,1,0,Low
58,1,21.1,121,92,129,0,2,0,Low
81,0,25.7,128,123,174,0,1,1,Medium
44,1,30.4,133,163,190,0,1,0,High
80,1,20.3,165,142,177,0,0,1,High
34,0,27.4,138,93,191,0,0,0,Low
50,1,32.8,139,80,232,0,2,0,Low
46,0,29.0,123,91,237,1,0,0,Medium
30,0,22.8,110,70,265,0,2,1,Low
63,1,34.4,118,120,145,1,1,0,Medium
52,0,29.9,115,143,188,0,1,0,Medium
23,0,16.8,135,113,254,0,2,0,Low
64,1,31.0,98,175,135,0,1,1,High
42,1,23.5,139,177,158,1,2,0,Medium
83,1,27.5,126,126,180,0,0,0,Medium
27,0,31.7,141,140,287,1,1,0,High
73,0,23.6,115,83,166,1,1,0,Low
47,1,17.9,112,102,248,0,0,0,Low
22,0,34.3,121,160,204,0,1,0,Medium
50,1,32.6,120,95,159,0,1,1,Medium
82,1,26.0,143,167,317,0,2,0,High
35,0,30.9,142,154,213,0,0,1,High
66,1,24.6,162,141,220,1,1,1,High
28,0,27.0,119,74,226,0,0,0,Low
43,0,25.7,88,104,223,0,1,0,Low
80,1,24.8,121,138,291,0,1,1,High
76,0,28.4,132,80,276,1,1,0,Medium
44,1,20.2,141,108,168,0,1,0,Medium
66,0,25.2,133,141,286,1,0,1,High
50,0,28.1,119,95,177,1,0,0,Low
18,0,36.1,159,85,218,0,0,1,High
38,1,20.4,109,65,147,0,1,0,Low
72,0,29.2,123,101,246,0,2,0,Medium
23,1,29.8,109,142,193,0,0,0,Medium
22,0,16.7,128,84,159,0,0,1,Low
20,0,28.6,157,116,253,0,1,0,Medium
70,1,31.1,125,107,262,0,1,0,Medium
40,1,29.6,126,92,264,0,0,1,Medium
70,1,26.1,97,144,144,0,0,1,Medium
54,1,28.2,123,172,268,0,0,1,High
34,1,27.4,149,150,193,0,1,0,High
18,0,17.7,123,91,287,1,0,1,Medium
68,0,27.5,122,185,230,0,1,0,Medium
62,1,24.6,148,150,215,0,1,0,High
21,0,22.8,122,99,205,1,1,1,Low
79,0,39.4,151,88,204,1,0,0,High
82,0,33.0,105,154,178,0,1,0,Medium
49,1,20.5,140,121,162,0,1,0,Medium
51,0,28.3,158,85,190,0,2,1,Medium
56,0,34.1,146,110,253,0,0,0,High
43,0,18.7,94,101,149,1,1,0,Low
51,1,26.9,117,86,259,0,1,0,Medium
71,0,27.1,124,151,211,1,0,0,High
20,0,19.9,146,142,236,0,2,1,High
67,1,28.5,104,144,238,0,1,0,Medium
29,1,32.3,110,144,242,0,1,1,High
82,0,34.3,99,83,206,0,0,1,Medium
71,0,25.2,113,94,207,0,0,0,Low
22,1,39.5,105,166,241,0,1,0,High
74,1,16.0,157,119,163,0,0,0,Medium
34,1,28.4,116,65,157,1,1,1,Low
64,1,19.2,140,123,186,0,1,0,Medium
40,1,27.0,128,138,217,1,1,0,High
31,1,23.8,128,133,282,0,1,0,Medium
83,1,29.1,117,82,207,1,0,0,Medium
68,0,25.8,142,181,285,1,1,1,High
55,1,22.2,131,65,226,0,1,1,Low
81,1,22.5,130,119,187,1,0,0,Medium
55,0,36.5,117,176,251,0,0,1,High
67,1,28.8,120,136,195,1,0,1,High
47,1,17.6,139,144,215,0,0,0,Medium
68,0,29.4,132,78,152,0,2,0,Low
80,1,25.5,130,127,145,0,1,1,High
69,0,26.5,114,114,227,0,0,1,Medium
55,0,30.8,163,75,249,0,0,0,High
47,0,32.7,119,145,283,1,0,0,High
68,0,22.0,127,86,173,1,1,1,Medium
22,1,26.3,125,90,264,0,0,0,Low
46,0,23.7,163,130,258,1,1,1,High
21,0,29.6,123,110,185,1,1,1,Medium
27,1,25.3,121,121,261,0,2,1,Medium
73,0,26.7,130,108,243,0,0,1,High
34,0,25.1,116,164,251,0,1,0,Medium
34,0,25.9,130,83,292,1,1,1,Medium
51,0,35.4,171,99,249,1,1,0,High
23,1,38.9,133,132,120,0,1,1,High
70,0,28.5,133,80,218,0,1,0,Medium
83,1,26.0,115,79,142,1,1,0,Low
60,1,18.2,159,120,211,1,1,0,Medium
40,0,22.5,163,145,209,1,2,1,High
72,0,25.8,143,150,182,0,1,0,High
33,0,22.8,140,118,164,0,2,0,Low
25,0,23.3,124,91,184,0,0,1,Low
21,1,34.7,135,125,192,0,1,1,Medium
21,1,26.6,113,135,200,1,2,0,Medium
73,1,27.1,108,124,209,0,0,0,Medium
42,0,23.0,101,158,228,1,2,0,Medium
84,1,32.6,135,80,192,0,0,1,Medium
84,0,25.4,103,91,256,1,2,1,Medium
44,0,23.8,119,153,203,0,1,1,Medium
49,0,18.3,127,65,242,0,0,0,Low
67,0,26.2,146,96,193,0,2,0,Low
78,0,23.6,118,89,315,0,0,1,Medium
68,1,35.3,148,65,224,1,0,0,High
36,1,36.1,145,108,270,0,0,0,High
38,0,20.1,109,141,177,0,1,0,Low
22,1,20.7,148,120,187,1,2,1,High
59,0,25.1,123,143,195,1,0,1,High
78,0,22.3,119,157,304,0,1,0,Medium
39,0,27.6,123,102,196,1,0,1,Medium
38,1,24.8,128,208,172,0,1,0,Low
18,0,28.0,121,103,257,0,0,0,Medium
22,0,31.8,113,108,207,0,0,0,Medium
29,1,21.0,114,90,196,0,0,0,Low
63,1,31.7,131,134,181,0,1,0,High
51,1,22.7,125,105,225,0,2,1,Low
66,0,37.7,137,112,248,0,1,0,High
62,0,34.9,129,108,237,1,0,0,High
44,1,25.9,129,107,186,0,1,0,Low
43,0,21.5,139,121,165,1,1,0,Low
64,1,20.5,154,99,110,1,0,0,Medium
73,1,31.0,154,101,167,0,0,0,High
80,0,26.3,152,153,190,0,0,1,High
65,0,31.3,144,105,203,0,1,1,High
78,1,38.0,166,128,194,1,1,1,High
43,1,22.5,136,84,317,0,1,0,Medium
53,1,20.1,134,99,225,0,0,1,Medium
18,1,27.5,168,72,155,1,0,0,Medium
25,0,32.5,88,180,231,0,2,0,Medium
69,1,21.6,124,163,221,0,0,0,Medium
64,1,26.7,151,136,163,0,2,0,High
73,1,33.6,146,190,217,1,1,1,High
31,0,18.0,174,142,226,1,0,0,High
45,0,27.7,130,109,246,0,1,0,Medium
19,1,23.7,120,128,134,0,2,0,Low
43,0,27.1,122,163,231,1,1,1,High
31,0,30.2,134,84,261,1,2,1,High
76,0,27.6,157,74,281,1,0,0,High
73,1,21.2,157,129,156,0,1,1,High
24,1,23.9,127,94,199,1,2,1,Low
20,0,33.9,133,65,203,0,2,0,Low
40,1,28.2,117,71,232,0,1,0,Low
35,1,30.9,119,104,198,0,1,0,Low
55,0,27.8,147,117,176,0,0,0,Medium
32,0,30.7,157,118,214,1,0,1,High
81,1,24.4,115,185,191,0,0,0,Medium
45,0,22.5,132,108,227,1,0,0,Medium
56,1,30.5,124,125,173,0,0,1,Medium
74,1,32.4,144,65,164,0,0,0,Medium
34,0,21.7,121,114,258,0,2,0,Low
61,1,23.5,93,127,296,0,1,0,Medium
42,1,25.7,146,67,278,0,1,0,Medium
34,0,34.9,123,82,202,0,2,0,Low
30,0,29.4,124,132,247,0,0,1,High
42,0,19.6,136,96,178,0,1,0,Low
27,1,26.0,134,111,225,1,1,1,Medium
84,0,25.2,136,134,182,0,0,0,Medium
35,0,20.4,99,186,255,0,1,0,Medium
51,0,26.0,138,107,250,0,0,1,High
25,0,25.0,94,177,288,1,0,0,High
57,1,24.6,142,65,196,0,0,1,Medium
59,1,24.4,148,120,268,0,2,1,High
58,0,34.2,103,103,225,1,1,0,Medium
23,1,24.6,134,96,208,0,1,0,Low
69,0,26.8,147,138,218,0,1,1,High
43,0,26.2,120,107,273,1,0,1,High
81,1,23.9,140,65,200,0,1,0,Medium
76,1,26.9,88,65,202,0,1,0,Low
73,0,26.8,148,140,122,0,0,0,High
76,0,26.9,129,65,199,1,1,0,Low
50,1,22.0,123,141,216,0,0,1,Medium
70,0,25.4,146,119,175,0,0,0,Medium
39,1,30.5,159,109,165,0,2,0,Medium
38,0,25.6,137,112,131,1,1,0,Medium
21,0,27.3,157,133,182,0,1,0,Medium
79,1,27.4,100,74,262,0,1,0,Low
79,1,28.7,140,116,146,0,1,0,Medium
41,1,29.4,126,75,237,0,1,0,Low
72,1,25.6,114,121,240,1,1,0,Medium
26,1,21.8,93,138,303,0,1,0,Medium
20,1,20.2,139,121,247,1,2,0,Medium
48,1,31.8,144,136,243,0,2,1,High
57,0,30.5,152,90,220,1,1,1,High
53,0,29.9,149,113,205,0,2,0,Medium
41,0,30.7,114,107,239,0,1,0,Medium
23,1,25.7,151,104,255,1,1,1,High
83,1,23.3,153,87,212,1,0,0,Medium
21,1,21.4,123,100,257,0,1,1,Medium
23,0,20.8,129,76,320,0,2,1,Medium
68,1,32.8,111,65,208,0,1,0,Medium
79,1,23.9,155,90,209,1,1,0,Medium
74,0,32.0,101,137,201,0,0,0,High
83,1,25.5,138,123,210,0,1,0,Medium
25,0,23.0,117,71,254,0,0,1,Medium
43,0,20.8,108,101,208,1,0,1,Medium
68,1,23.4,94,139,213,0,1,0,Medium
62,1,33.9,124,99,195,0,1,0,Low
61,1,20.9,105,65,225,0,1,0,Low
22,0,37.5,129,194,185,0,1,0,Medium
43,0,22.1,160,109,156,0,0,0,Medium
36,0,30.4,132,74,223,1,0,1,High
37,1,25.7,164,121,284,1,2,0,High
29,1,24.8,110,112,193,0,0,0,Low
64,1,19.9,105,65,163,1,0,0,Low
18,1,26.0,110,118,282,0,2,0,Low
31,0,20.5,127,149,207,0,2,0,Medium
81,0,17.8,177,107,243,1,1,0,High
55,0,27.1,98,65,176,0,0,0,Low
54,0,23.2,139,127,205,0,0,1,High
28,1,35.3,115,136,261,1,2,0,High
20,1,31.7,124,94,210,0,2,0,Low
50,1,35.3,105,95,211,1,1,1,Medium
23,0,23.0,144,194,145,1,0,1,High
67,0,27.2,127,92,236,0,0,0,Low
27,1,16.0,148,76,174,0,0,0,Low
22,1,25.0,131,116,250,0,1,1,Medium
40,0,27.0,93,135,213,0,0,0,Medium
27,1,27.3,148,134,217,0,2,0,Medium
61,0,26.3,92,65,236,1,0,0,Medium
19,0,26.8,94,92,220,0,1,0,Low
30,0,16.0,111,155,274,0,0,0,Medium
57,1,27.8,112,126,267,0,1,0,Medium
19,1,29.0,153,72,156,0,0,1,Medium
82,0,33.5,125,158,198,1,1,1,High
80,1,28.4,150,149,238,0,1,1,High
34,0,25.8,118,105,167,1,0,0,Medium
26,0,32.2,134,146,142,0,2,0,Medium
32,0,16.0,137,185,175,0,1,1,Medium
41,0,23.8,141,78,200,0,2,0,Low
55,1,22.5,120,134,110,0,2,0,Low
52,0,26.3,121,185,160,0,2,0,Low
66,0,16.0,123,138,134,0,0,0,Medium
79,1,33.4,98,89,251,1,0,0,High
77,0,25.2,126,123,242,0,2,0,Low
67,0,28.2,121,163,216,1,1,1,High
26,1,27.7,138,79,209,0,0,0,Low
51,1,33.1,130,114,227,0,1,1,Medium
52,1,16.8,152,106,165,0,0,1,Medium
18,0,27.1,129,93,255,0,1,0,Low
57,1,32.5,118,123,209,1,2,1,Medium
81,1,26.0,129,111,242,0,1,1,High
39,0,21.6,141,138,240,0,0,0,High
77,0,23.4,96,155,226,0,1,0,Medium
81,0,24.5,115,70,218,0,1,0,Low
28,0,22.8,116,117,215,1,1,0,Low
31,0,25.7,135,113,202,0,0,0,Medium
77,1,34.3,137,122,224,1,1,0,High
47,1,23.4,130,114,213,0,1,0,Low
52,1,24.0,88,81,186,1,1,0,Low
54,0,28.9,98,166,229,0,2,0,Medium
22,0,25.6,124,181,216,0,1,0,Medium
43,0,19.6,119,134,253,0,0,1,High
79,1,26.2,128,136,133,1,1,0,Medium
21,1,26.0,120,120,206,0,1,1,Low
59,0,31.6,156,149,176,0,0,0,High
35,1,21.4,88,65,184,0,1,0,Low
57,0,31.6,133,115,227,0,0,0,Medium
56,1,26.0,143,95,148,1,0,0,Medium
31,1,20.7,141,120,210,0,2,1,Medium
49,1,19.7,142,153,206,0,2,0,Medium
68,0,36.6,145,116,163,0,1,0,Medium
55,1,25.7,117,102,211,0,1,0,Low
40,1,31.4,108,66,175,1,2,0,Low
80,0,17.6,91,111,293,1,2,1,Medium
32,1,40.2,121,139,253,1,1,0,High
42,0,31.1,114,86,208,0,1,1,Medium
34,0,25.2,149,65,188,0,1,0,Medium
83,0,24.9,123,195,225,1,0,0,High
70,0,30.3,109,127,236,0,1,0,High
68,0,30.0,107,107,215,0,1,0,Medium
56,1,27.4,164,164,164,1,2,1,High
68,0,26.6,128,120,197,0,2,0,Low
23,0,29.4,114,162,208,0,0,0,Medium
84,0,17.4,130,159,217,0,1,1,Medium
24,0,24.6,162,70,218,0,0,0,Low
68,1,17.9,121,131,234,0,0,0,Low
59,0,29.6,140,175,259,1,2,0,High
81,1,23.0,149,80,246,0,1,0,Medium
32,0,18.3,94,80,229,0,1,0,Low
46,1,22.4,117,86,155,1,0,0,Low
50,0,27.3,147,146,252,0,1,1,High
44,0,25.4,115,125,238,0,1,0,Low
53,1,20.4,135,65,195,0,0,1,Low
46,0,17.6,114,127,206,1,0,0,Medium
55,1,26.9,120,106,208,0,0,0,Medium
74,0,23.5,118,111,187,0,1,1,Low
44,1,25.2,139,86,135,0,2,1,Low
72,0,25.7,132,127,160,0,2,0,Medium
50,0,28.7,130,152,169,0,2,0,Medium
83,1,30.9,173,93,126,0,2,1,High
27,0,27.3,159,65,160,0,2,1,Medium
22,0,24.8,92,104,251,0,1,1,Low
55,0,26.6,120,141,224,0,1,0,Medium
30,0,24.7,172,100,166,0,1,0,Low
48,0,18.0,118,65,177,0,2,0,Low
64,0,32.2,166,142,254,1,0,1,High
69,1,31.2,120,165,253,1,0,0,High
73,1,36.8,124,116,208,1,2,0,Medium
32,1,38.4,144,65,252,0,0,1,High
46,0,20.4,126,104,174,0,2,0,Low
25,1,24.8,137,120,214,0,1,1,Low
22,0,39.6,156,87,146,0,0,0,Medium
46,0,26.3,142,135,190,0,1,0,High
64,0,27.8,131,83,206,0,2,0,Low
62,0,18.6,158,116,138,0,0,0,Medium
19,1,27.3,144,107,229,0,1,0,Medium
44,0,36.5,115,137,235,0,2,0,Medium
53,1,33.2,164,115,245,0,0,0,High
53,0,23.3,140,108,298,0,0,1,High
43,1,24.4,124,87,222,0,0,0,Low
60,1,20.6,92,116,202,1,0,0,Medium
44,1,22.1,103,106,141,0,0,0,Low
37,1,16.6,159,85,221,0,1,0,Medium
28,1,26.1,159,121,227,1,1,1,High
55,1,34.4,130,128,151,0,2,0,Medium
23,0,28.3,96,103,195,0,0,0,Low
40,1,33.6,108,148,205,0,1,1,Medium
64,0,32.1,99,124,226,0,1,0,Medium
63,1,23.7,98,70,239,0,2,0,Low
29,0,22.6,164,162,184,0,1,1,High
30,1,22.7,165,142,213,0,1,1,High
79,1,17.6,108,150,228,1,2,0,Medium
77,0,26.7,128,129,198,0,0,0,Medium
60,1,16.0,105,65,188,0,0,1,Low
22,1,29.6,128,153,234,0,1,0,Medium
54,1,26.9,158,117,198,0,1,1,High
48,0,29.0,147,127,157,1,0,1,High
26,1,32.0,143,134,260,0,1,1,High
68,0,27.5,125,183,162,1,1,0,Medium
46,1,35.0,151,96,201,0,2,0,Medium
57,1,29.7,140,97,218,1,0,0,Medium
58,0,22.6,135,85,223,0,0,0,Low
28,1,25.3,126,78,212,0,1,1,Low
40,1,16.0,134,78,110,1,1,0,Low
18,0,21.8,133,65,177,1,1,0,Low
63,1,24.5,118,130,217,0,1,1,Medium
38,0,29.3,114,185,201,1,1,0,High
53,0,22.6,110,187,225,0,2,0,Medium
71,0,20.0,111,85,246,0,2,0,Low
74,1,16.7,125,105,225,0,1,0,Low
18,0,23.4,122,158,176,1,2,1,Medium
80,0,36.6,117,130,183,1,0,1,High
71,1,27.9,115,120,270,0,1,0,Medium
72,0,31.4,133,106,198,0,1,0,Medium
57,1,21.8,153,156,201,0,2,1,High
32,1,18.3,128,77,225,0,1,1,Low
38,1,20.2,127,132,254,0,1,0,Medium
64,1,26.0,111,127,169,0,2,1,Medium
70,0,16.1,124,117,185,0,1,0,Low
26,0,21.3,149,143,141,0,1,0,Medium
69,0,23.5,147,116,193,0,0,1,High
74,0,19.6,145,96,228,0,0,0,Medium
43,0,16.0,145,118,190,0,2,0,Medium
58,1,28.0,136,65,275,0,1,0,Medium
52,0,26.7,135,136,210,0,1,0,Medium
80,0,30.6,132,145,201,0,1,0,High
42,0,20.7,120,92,191,0,0,0,Low
55,1,30.5,130,84,151,0,1,0,Low
19,1,34.5,132,93,201,1,1,0,Medium
24,0,27.9,139,113,219,0,0,1,Medium
51,1,23.3,130,123,200,0,0,0,Low
34,0,27.3,166,172,214,0,1,1,High
60,0,23.1,106,167,178,0,1,0,Low
76,1,22.2,142,144,155,1,0,1,High
68,1,30.1,127,119,201,1,1,1,High
71,0,25.8,128,83,214,0,2,0,Low
41,0,32.8,113,174,198,0,1,0,Medium
42,1,24.2,146,106,213,1,2,1,High
69,0,24.7,140,125,236,0,2,0,Medium
50,1,23.6,143,137,236,1,0,0,High
66,0,20.7,131,117,239,1,0,0,Medium
46,1,30.7,122,155,245,0,1,0,High
80,0,37.9,127,131,225,1,1,1,High
39,0,24.5,136,150,219,1,1,1,High
43,1,23.0,92,131,283,1,0,0,High
45,0,22.6,144,114,236,0,1,0,Medium
66,0,23.0,172,118,171,0,0,0,Medium
66,1,35.1,137,113,130,0,2,0,Medium
37,0,22.8,123,70,195,0,0,1,Low
80,0,23.5,125,80,230,0,2,1,Low
78,0,20.1,141,141,243,0,0,0,High
66,1,28.0,123,71,155,0,0,0,Low
18,1,26.2,144,101,234,0,0,0,Medium
30,1,20.6,125,78,250,0,2,1,Low
68,0,21.9,159,99,229,0,0,0,Medium
73,0,34.5,158,110,222,1,1,0,High
79,0,26.7,122,101,200,0,2,1,Medium
49,0,27.0,127,65,187,0,1,1,Low
47,1,27.0,128,109,236,1,1,1,Medium
46,0,33.8,128,81,228,0,2,0,Low
66,0,21.1,111,93,192,0,2,0,Low
62,0,24.4,108,141,307,1,1,0,High
47,1,25.6,150,148,145,1,1,1,High
33,0,17.5,148,69,196,0,2,1,Medium
57,0,21.7,147,170,174,1,2,1,High
36,0,31.9,127,97,220,1,1,0,Medium
35,0,30.5,162,94,127,0,2,1,Medium
18,0,31.4,128,84,256,0,0,0,Medium
64,1,23.4,144,117,245,0,1,0,High
83,0,24.1,103,184,216,0,0,0,Medium
55,0,17.2,124,65,193,0,0,1,Low
68,0,31.3,125,65,234,1,1,0,Medium
80,0,32.2,127,124,218,0,1,1,Medium
21,0,32.1,104,135,243,0,0,1,High
18,0,34.8,141,117,200,0,1,0,Medium
25,0,28.7,147,136,198,0,1,1,High
46,0,34.6,115,75,248,0,2,0,Medium
72,0,25.5,107,82,230,0,2,0,Low
20,0,17.3,114,119,198,0,1,0,Low
49,1,31.0,137,177,220,1,2,1,High
27,1,17.1,117,135,212,0,0,0,Low
51,1,27.4,126,136,224,0,1,1,Medium
72,1,31.5,109,77,256,0,2,1,Medium
49,0,28.2,164,130,191,0,1,0,High
67,1,38.3,129,74,179,0,1,0,Low
24,1,16.3,149,177,216,0,0,1,High
25,0,26.1,137,80,184,0,0,0,Low
82,1,26.6,127,87,169,0,1,1,Low
74,1,19.5,126,65,245,0,2,1,Low
84,0,20.5,115,118,194,0,1,0,Low
76,0,22.1,120,117,130,1,2,1,Low
71,0,20.8,110,168,239,0,2,0,Medium
84,1,25.9,108,142,187,1,0,1,High
68,1,23.4,166,87,228,0,1,0,Medium
25,0,28.2,133,146,248,0,1,1,High
51,0,29.9,154,71,213,0,1,0,Medium
52,1,29.5,114,90,124,1,0,1,Medium
49,0,24.4,105,119,126,0,2,0,Low
63,1,28.0,110,75,178,0,1,0,Low
33,0,31.9,120,152,203,0,1,0,Medium
54,0,28.8,129,195,253,0,1,1,High
71,1,36.2,125,105,217,1,0,0,Medium
31,0,31.6,114,92,310,0,1,1,Medium
72,0,35.4,130,110,145,0,2,1,Medium
65,0,16.0,131,95,210,1,2,1,Medium
24,1,27.0,141,124,187,0,0,0,Medium
24,0,24.8,154,69,214,0,1,1,Medium
50,0,25.9,121,126,275,1,1,0,High
40,0,22.3,150,182,278,0,0,1,High
36,0,28.6,129,65,207,0,0,1,Low
36,0,17.1,101,74,239,0,1,0,Low
53,0,28.6,160,99,214,0,1,0,Medium
46,1,22.5,169,134,162,0,0,0,High
77,1,23.9,139,146,206,0,0,0,Medium
19,0,28.8,130,143,185,1,0,1,High
18,1,26.9,123,65,202,1,0,0,Low
64,1,32.0,120,91,171,1,1,1,Medium
37,0,21.5,150,83,211,0,0,0,Low
28,1,26.1,128,113,217,1,0,1,Medium
19,1,31.1,158,116,233,0,2,1,High
84,1,28.4,129,67,217,0,0,1,Low
29,1,28.7,121,100,270,0,1,0,Medium
37,1,32.3,117,135,293,0,2,0,Medium
22,1,24.4,115,93,189,0,1,0,Low
54,1,23.3,137,108,244,1,1,0,Medium
55,1,29.5,105,174,290,0,1,0,Medium
26,0,25.7,113,185,245,0,0,1,High
70,0,32.3,152,65,234,0,1,0,Medium
61,1,28.4,111,119,132,1,1,0,Low
41,1,23.3,144,217,183,0,0,0,Medium
47,0,28.3,91,132,189,0,1,0,Low
76,1,21.8,154,116,260,0,2,0,High
31,1,31.4,105,161,176,0,0,1,High
26,0,19.2,112,123,202,1,1,0,Low
57,0,32.9,140,140,239,0,1,1,High
83,0,28.2,133,108,174,0,2,0,Low
42,1,25.6,144,122,216,0,2,1,Medium
39,1,30.5,105,130,211,1,1,0,High
21,0,29.2,123,145,240,0,1,1,High
43,0,33.4,117,100,231,0,0,0,Medium
75,1,33.4,108,99,230,0,0,0,Low
46,0,28.3,139,65,213,0,1,0,Low
54,1,22.0,145,101,138,1,1,1,Medium
35,1,23.7,122,148,211,1,2,1,Medium
59,0,26.1,155,131,207,1,1,0,High
58,0,32.1,114,80,236,1,1,0,Medium
55,1,24.1,155,65,188,1,1,0,Medium
51,0,24.6,138,110,207,0,0,0,Low
34,0,36.1,106,147,208,1,1,0,High
54,0,26.0,164,98,176,0,1,1,Medium
42,0,23.2,120,65,159,0,2,1,Low
44,1,30.5,150,94,220,0,1,1,Medium
74,1,26.2,131,126,245,1,2,1,High
48,1,19.3,135,158,180,0,1,0,Medium
23,1,31.9,144,106,196,1,0,0,High
57,0,22.6,143,152,238,0,0,0,High
29,0,26.7,122,148,242,0,0,0,High
70,1,26.1,138,74,214,0,1,0,Low
27,1,27.7,136,159,222,0,0,1,High
62,0,16.0,132,125,226,0,1,1,Medium
34,1,24.8,124,73,233,0,2,0,Low
43,1,32.3,132,177,162,1,1,0,High
79,0,33.1,163,111,282,0,1,1,High
63,1,21.3,123,65,216,0,0,1,Low
81,0,31.3,150,90,234,0,1,0,High
19,0,22.5,117,82,175,0,0,1,Low
71,1,24.6,112,91,198,0,2,1,Low
82,0,24.8,187,99,220,0,0,0,Medium
68,1,27.1,138,106,133,0,1,0,Low
70,0,31.7,138,105,169,0,1,1,Medium
53,1,27.9,139,112,176,1,1,1,Medium
43,1,25.8,153,136,154,1,2,0,High
46,1,31.5,135,89,209,0,0,1,High
38,0,22.3,143,156,202,0,1,1,High
28,0,26.1,109,72,262,0,1,1,Medium
57,1,31.7,146,137,160,0,1,0,High
28,0,29.3,124,173,214,1,1,1,High
53,1,24.1,140,109,170,0,0,0,Medium
76,1,18.6,97,122,136,0,1,0,Low
56,0,28.1,139,81,229,0,2,1,Low
71,1,18.3,88,97,232,1,1,0,Low
72,0,25.4,123,170,227,1,2,0,High
41,1,32.6,97,141,152,1,1,1,High
39,0,29.6,139,130,208,0,0,0,Medium
73,1,16.0,129,65,229,0,0,0,Low
50,1,27.5,114,90,243,0,1,0,Low
53,0,24.8,154,176,230,0,1,0,High
37,1,19.9,112,129,244,0,1,0,Medium
79,1,28.2,88,134,248,0,1,1,High
43,0,23.9,137,121,209,0,2,1,Low
83,1,24.0,96,94,225,1,1,1,Medium
57,0,27.1,112,127,245,0,1,0,High
34,1,23.2,119,65,221,0,0,1,Low
18,0,27.0,102,65,253,0,1,0,Low
78,1,23.4,119,89,240,0,2,1,Medium
60,1,23.7,103,122,180,0,0,0,Low
59,1,31.7,131,65,153,0,2,0,Low
42,0,32.2,106,119,206,0,2,0,Low
56,0,17.6,129,80,158,0,1,0,Low
52,0,30.4,149,85,208,0,0,1,High
20,0,33.8,142,160,205,0,0,1,High
61,1,34.6,127,116,257,0,0,1,High
68,1,29.2,110,83,225,0,0,1,Low
29,0,21.0,131,122,244,0,1,0,Medium
36,0,29.8,115,65,185,1,0,0,Low
61,0,22.0,132,128,266,0,1,1,High
76,1,24.7,97,154,241,0,1,0,Medium
66,0,28.5,143,138,222,1,0,0,High
78,0,22.3,129,191,133,1,1,1,High
34,1,20.5,168,65,252,1,2,0,Medium
74,1,28.9,152,119,276,0,1,0,High
72,0,36.2,138,68,205,0,1,0,Medium
64,1,33.0,126,109,206,0,1,0,Medium
29,0,30.2,115,115,184,0,1,0,Low
79,1,31.6,145,195,140,1,2,0,High
25,0,29.8,124,113,183,0,0,0,Low
38,0,28.8,149,112,271,1,2,0,High
42,0,31.2,135,150,248,0,0,0,High
29,0,19.4,135,113,174,0,2,1,Low
32,1,27.5,139,179,182,1,0,0,Medium
76,1,26.1,111,138,290,1,2,0,High
43,1,26.9,110,144,164,1,2,0,Medium
43,1,24.1,109,65,176,1,0,0,Low
64,0,29.2,147,184,188,0,2,0,High
49,0,22.2,111,92,151,0,0,0,Low
27,1,23.7,113,115,183,1,0,1,Medium
33,1,23.1,138,92,184,0,1,0,Low
34,1,31.0,123,79,169,0,2,1,Low
40,1,26.4,121,73,258,0,1,0,Low
43,1,24.1,120,119,158,0,1,0,Low
24,0,24.6,88,65,199,0,1,0,Low
31,0,26.5,111,107,170,1,2,1,Medium
24,0,34.9,149,152,197,0,1,0,High
26,1,20.1,118,137,168,0,0,0,Low
65,1,30.0,94,130,208,1,0,0,High
76,1,29.0,110,84,218,0,0,1,Medium
56,1,21.9,134,65,261,1,1,1,High
35,0,34.1,134,151,181,0,0,1,High
76,0,29.3,123,99,270,1,0,0,Medium
34,1,23.9,116,112,173,0,2,0,Low
31,0,16.8,103,108,195,0,0,1,Low
48,0,27.7,135,139,276,1,1,0,High
41,1,26.3,143,180,321,1,1,0,High
77,1,21.1,151,166,272,0,0,1,High
62,1,21.1,108,65,196,1,1,0,Low
20,1,31.0,153,104,226,0,1,1,High
54,1,16.3,127,68,232,1,2,0,Low
60,1,28.1,128,148,219,0,0,0,Medium
57,0,25.5,144,115,165,0,1,0,Medium
72,0,29.1,118,136,214,0,1,1,High
56,1,25.0,89,101,185,0,1,0,Low
32,0,28.0,141,79,166,0,1,0,Low
21,1,22.6,134,85,193,0,2,1,Low
42,1,26.2,122,65,218,0,1,0,Low
30,1,29.0,139,71,245,0,1,0,Medium
50,1,27.3,143,65,195,0,2,1,Medium
33,0,28.5,101,79,202,1,1,1,Medium
59,1,21.7,128,77,237,0,0,0,Low
83,0,23.4,88,129,208,1,0,0,High
72,1,23.5,126,127,220,1,0,1,High
59,1,25.1,121,129,208,0,0,0,Medium
51,1,33.6,137,156,213,1,0,1,High
47,0,24.7,109,112,162,0,0,0,Low
30,1,20.6,120,88,210,0,2,1,Low
30,1,29.3,88,192,262,0,2,0,Medium
35,1,33.5,138,147,212,0,1,0,High
49,0,19.9,126,120,172,1,2,0,Low
56,0,36.8,130,118,264,0,0,0,High
63,0,28.7,101,125,234,0,2,0,Low
46,1,31.9,135,108,236,1,1,0,Medium
79,0,34.1,158,119,235,0,0,1,High
79,1,31.6,125,132,160,0,0,0,Medium
74,0,25.9,140,90,231,0,0,0,Medium
33,0,32.8,112,65,260,1,0,1,High
73,1,27.8,127,65,186,1,0,1,Medium
27,0,32.2,100,146,128,0,0,0,Medium
47,1,32.7,142,65,220,0,0,0,High
42,1,20.8,131,131,206,0,0,0,Medium
22,0,30.6,106,75,143,0,2,1,Low
82,1,25.6,114,75,229,1,0,1,Medium
66,1,27.2,129,90,226,0,0,0,Low
20,0,27.2,145,122,146,0,1,0,Low
62,0,27.0,155,70,281,1,2,0,High
31,1,34.4,126,93,235,1,1,0,Medium
47,0,19.4,103,114,129,0,2,0,Low
35,1,17.5,132,73,238,0,0,1,Low
79,1,16.4,160,165,237,0,0,0,High
54,0,32.1,99,65,262,0,0,1,High
42,0,22.5,111,107,180,0,1,1,Low
65,0,27.2,139,160,238,0,1,1,High
82,0,25.9,131,69,196,1,1,0,Medium
70,1,21.9,118,111,183,1,0,0,Medium
32,1,30.9,132,120,170,0,1,0,Low
66,0,25.8,146,87,129,0,0,1,Medium
29,0,25.3,126,112,227,0,1,0,Low
76,1,27.7,125,135,194,1,1,0,Medium
54,1,30.2,139,99,110,1,1,0,Medium
78,1,21.5,123,142,208,0,0,0,Medium
60,1,31.0,149,129,251,0,2,1,High
56,0,34.0,164,95,153,1,1,0,High
73,1,19.1,112,154,176,0,0,0,Medium
80,1,27.9,105,89,223,0,2,0,Low
63,0,24.9,135,145,110,0,1,0,Medium
28,1,30.1,105,90,184,1,1,1,Medium
79,1,20.2,105,104,219,0,0,0,Low
42,0,35.0,91,109,183,1,1,0,Medium
69,0,18.1,121,127,153,0,0,1,Medium
21,0,25.2,127,65,155,1,1,1,Low
76,1,28.8,119,131,141,0,1,0,Medium
37,1,22.9,153,111,180,0,1,0,Medium
80,0,22.1,152,125,247,1,0,0,High
71,0,27.7,163,133,299,1,2,0,High
74,1,26.9,129,129,206,1,0,0,High
58,0,26.5,149,65,236,0,1,0,Medium
20,0,31.0,134,78,167,0,1,1,Low
23,0,24.4,132,127,121,0,1,0,Low
22,1,28.2,120,122,279,0,0,1,Medium
22,1,23.9,88,87,181,1,1,1,Low
71,1,22.1,139,141,234,0,0,1,Medium
64,1,25.0,149,106,211,0,1,0,Medium
66,1,23.9,101,146,245,0,0,1,High
26,1,24.2,128,157,243,0,1,1,High
37,0,32.6,146,125,216,1,1,0,High
78,1,25.2,122,134,221,0,0,0,Medium
52,1,23.1,149,94,254,0,0,0,Medium
67,0,26.6,125,146,189,1,0,0,High
79,1,27.0,119,123,267,0,1,0,Low
34,1,20.3,151,105,177,0,1,0,Medium
20,0,24.9,111,72,208,0,1,1,Low
49,0,24.7,115,98,230,0,1,0,Low
30,0,25.6,112,76,140,0,0,1,Low
31,1,30.3,107,142,260,0,2,0,High
28,0,27.2,131,158,224,0,0,1,High
73,1,32.9,119,147,337,0,0,0,High
84,1,26.4,137,202,288,0,1,0,High
46,1,35.7,97,99,205,0,2,1,Medium
26,1,24.1,108,136,276,1,1,0,High
84,0,22.5,129,74,239,0,1,0,Low
42,0,29.3,154,108,214,1,2,1,High
59,1,33.6,135,65,139,0,1,0,Low
26,0,19.3,117,135,148,0,0,1,Medium
57,1,25.5,101,103,205,0,2,0,Low
42,1,23.3,116,65,185,1,1,0,Low
22,1,27.2,127,91,214,0,1,0,Low
28,0,26.6,88,178,260,0,1,1,Medium
76,1,33.5,106,129,240,1,2,0,High
55,1,25.9,115,142,177,1,1,1,High
22,0,33.6,123,119,242,0,0,1,High
65,0,24.9,127,109,168,1,1,0,Low
35,0,31.3,117,116,159,0,0,0,Low
54,0,27.7,137,124,220,0,0,1,Medium
77,1,35.5,130,77,172,0,1,0,Low
65,0,18.8,121,142,179,0,0,0,Medium
45,1,20.4,140,154,245,0,1,0,High
57,0,36.0,138,108,231,1,2,1,High
62,0,22.7,102,97,190,0,1,1,Low
79,0,23.0,127,89,140,0,2,0,Low
75,0,21.9,144,177,176,1,0,0,High
84,0,32.5,147,99,283,0,2,1,High
73,0,20.0,135,138,244,1,2,0,High
57,1,26.6,124,108,262,1,0,1,High
57,0,25.1,136,106,215,1,0,0,Medium
50,0,31.9,143,88,191,1,0,1,High
23,0,23.6,130,81,241,0,2,1,Medium
36,0,28.7,132,141,256,0,2,0,Medium
57,1,20.4,124,80,186,0,0,0,Low
76,0,38.3,104,131,176,0,1,0,Medium
76,0,25.3,125,118,144,0,0,0,Low
65,0,26.5,116,141,175,0,1,0,Medium
58,0,35.1,116,94,232,1,2,1,Medium
30,1,23.4,154,153,181,1,0,0,High
62,0,35.2,145,110,242,0,2,0,High
70,1,24.4,98,206,284,0,2,1,Medium
59,0,30.0,108,65,206,0,2,0,Low
80,1,23.5,121,200,204,1,0,0,Medium
44,1,19.4,116,111,227,0,0,1,Low
55,0,28.7,134,123,182,0,0,1,Medium
77,0,29.8,106,94,179,0,1,0,Low
24,1,19.7,145,65,180,0,1,0,Low
22,1,24.9,127,97,159,1,0,0,Low
62,0,32.7,122,102,241,0,1,1,High
75,1,29.6,128,121,185,0,0,1,Medium
48,1,24.4,120,154,249,1,0,1,High
40,1,23.4,91,122,226,1,1,0,Low
59,0,36.6,128,122,204,1,0,0,High
27,1,19.0,122,128,237,0,0,1,Medium
49,1,26.2,111,65,167,0,1,0,Low
70,1,18.9,148,65,174,0,2,0,Low
47,0,33.3,140,65,234,0,1,0,Medium
56,0,26.5,172,102,117,0,1,1,High
48,1,27.4,143,65,206,0,1,0,Medium
19,0,40.9,116,91,229,0,1,0,Low
29,1,23.4,112,67,257,1,0,0,Low
56,0,35.6,119,132,266,0,1,0,High
83,0,24.5,116,130,200,1,1,1,High
30,1,25.3,130,104,236,0,1,0,Low
63,0,40.2,100,65,173,0,1,0,Low
44,0,25.7,140,107,187,0,1,0,Medium
34,0,19.4,130,127,260,1,1,0,High
77,1,28.0,138,143,203,0,2,0,Medium
81,0,25.6,107,176,211,1,0,0,Medium
52,0,28.4,132,154,164,0,2,1,Medium
47,1,25.8,151,121,222,1,0,0,High
80,0,38.0,113,105,235,0,0,0,Medium
45,0,29.4,112,89,234,1,1,0,Medium
77,0,20.9,141,162,157,0,1,0,Medium
54,0,27.1,111,121,245,1,2,0,Medium
39,0,22.3,124,137,165,0,1,1,Medium
37,1,25.2,155,94,204,0,1,0,Medium
81,1,21.8,112,72,140,1,0,0,Low
34,0,37.5,156,101,198,0,0,0,Medium
29,0,22.9,122,104,165,0,1,0,Low
39,0,30.1,108,122,187,1,1,0,Medium
34,1,24.8,139,89,207,0,1,1,Low
27,1,20.5,130,116,238,0,1,0,Low
82,0,27.5,128,156,237,0,2,0,Medium
39,0,28.6,114,65,112,1,1,1,Medium
67,1,29.4,130,65,232,0,2,0,Low
31,0,16.0,91,159,213,0,0,0,Low
81,1,20.1,132,65,183,0,0,0,Low
64,1,31.5,151,102,170,1,0,0,High
46,0,21.7,96,136,203,1,0,0,Medium
53,1,27.6,121,113,214,1,1,0,Medium
69,0,20.0,112,112,220,0,1,0,Low
24,0,30.3,101,118,197,0,1,1,Medium
46,0,31.3,91,203,110,0,1,1,High
28,0,30.3,107,177,185,0,2,1,Medium
50,0,31.9,124,91,158,1,2,1,Medium
23,0,34.6,149,152,287,1,0,0,High
49,1,20.4,101,133,207,0,0,0,Medium
68,1,22.4,133,114,235,0,0,0,Medium
75,1,31.2,132,83,230,0,0,1,Medium
43,1,32.4,158,131,217,0,1,0,High
63,0,23.0,138,104,188,0,1,0,Low
46,1,22.6,139,102,183,0,0,1,Medium
21,1,23.1,141,88,124,0,1,1,Medium
30,1,18.2,111,150,211,1,1,1,High
56,0,19.9,118,88,217,0,0,0,Low
32,1,20.0,148,88,203,0,1,0,Low
46,0,25.0,91,142,211,0,2,0,Medium
46,1,27.9,116,110,157,1,1,0,Medium
49,0,28.8,104,111,193,1,0,0,Medium
19,0,23.9,132,151,179,0,0,0,Medium
64,1,24.0,120,161,232,0,0,0,Medium
39,0,27.1,139,65,207,0,0,0,Low
44,0,18.7,126,110,179,0,2,1,Low
84,1,31.5,100,66,199,0,0,1,Medium
73,1,33.2,101,101,163,0,0,0,Medium
38,1,23.2,128,115,192,0,0,0,Low
64,0,24.4,114,103,228,0,1,0,Low
76,0,33.0,118,79,152,0,0,0,Low
23,0,25.9,145,77,203,0,0,1,Medium
36,1,29.6,142,140,175,0,1,1,High
74,0,26.0,160,169,152,0,1,1,High
20,0,34.6,122,65,280,0,0,0,Medium
18,0,29.0,116,104,255,0,0,1,High
75,0,29.3,136,141,181,1,1,0,High
55,0,29.4,118,114,193,1,2,0,Low
32,0,23.6,118,76,124,1,0,0,Low
51,0,24.1,124,98,141,0,0,1,Low
78,1,30.5,158,126,160,1,0,0,High
52,1,27.2,141,104,204,0,1,0,Medium
81,1,20.4,143,113,200,1,1,0,High
42,0,36.2,157,114,218,0,1,0,High
41,0,31.6,144,97,232,0,1,0,High
29,1,26.7,108,144,216,0,2,0,Medium
35,0,25.1,144,98,162,1,2,0,Medium
32,1,27.5,146,80,218,1,1,1,High
44,0,29.2,140,193,230,1,1,0,High
77,0,16.0,124,112,188,0,0,0,Low
63,1,37.5,138,65,131,0,1,0,Medium
34,1,22.4,128,159,252,1,1,1,High
70,1,26.5,110,159,209,0,1,0,Medium
25,1,26.7,115,131,110,1,0,1,High
44,1,36.9,141,137,288,0,1,0,High
63,0,26.0,112,191,186,0,1,0,Low
67,0,34.8,113,81,303,1,1,1,High
20,0,28.6,142,120,220,0,0,0,Medium
81,1,21.5,130,184,197,1,1,0,Medium
61,1,27.2,138,191,212,0,0,0,High
70,1,25.9,106,102,177,1,2,0,Low
41,1,20.9,138,185,207,0,1,0,Medium
77,1,28.4,116,143,285,0,0,1,High
20,1,26.6,110,167,169,0,0,1,Medium
37,0,29.4,119,142,226,0,1,0,Medium
63,0,27.5,153,126,176,0,0,0,High
32,0,23.1,121,192,198,1,2,1,Medium
42,0,30.5,168,96,284,0,1,0,High
34,0,23.3,91,182,226,0,0,0,Medium
26,1,16.0,100,187,235,1,1,1,Medium
55,1,27.2,152,163,208,0,0,1,High
65,1,23.6,156,112,313,0,2,1,High
77,1,28.5,112,124,167,0,0,1,Medium
80,1,36.9,129,70,142,1,2,1,Medium
19,1,37.0,141,99,272,0,1,0,Medium
28,0,25.6,124,137,190,0,2,1,Medium
81,1,22.2,131,65,221,1,0,0,Medium
38,1,29.5,128,105,274,1,0,0,Medium
35,1,24.6,101,183,222,0,1,0,Medium
81,1,28.5,122,110,294,1,1,1,High
55,0,23.1,128,151,210,1,0,0,Medium
49,0,27.8,130,135,177,0,1,1,Medium
28,1,22.3,97,104,111,1,0,0,Low
62,0,32.7,142,110,217,0,1,0,High
50,0,23.4,130,121,116,0,0,1,Medium
58,1,29.9,109,65,218,0,0,1,Medium
25,1,19.9,160,148,263,0,0,1,High
28,1,30.6,122,111,204,0,1,0,Low
68,1,21.5,123,149,213,1,0,1,High
58,1,27.9,140,129,242,0,2,1,High
34,0,31.8,162,109,232,0,0,0,High
63,1,25.5,140,122,251,0,2,0,Medium
49,1,21.1,143,122,204,1,1,0,Medium
71,1,29.1,110,167,115,0,1,1,Medium
37,0,22.1,130,117,252,0,0,0,Low
50,1,24.4,118,125,195,0,1,0,Low
57,1,27.9,141,71,170,1,1,1,High
49,1,33.6,142,113,218,0,1,0,Medium
19,0,26.6,157,166,212,1,0,1,High
50,1,26.6,89,130,175,0,2,0,Low
47,1,30.3,117,77,154,0,2,0,Low
50,1,26.8,151,81,224,0,1,0,Medium
43,0,29.8,103,89,171,1,1,1,Medium
39,1,32.1,143,150,210,0,1,1,High
83,1,24.8,148,146,220,0,0,1,High
55,1,16.0,127,65,244,0,0,1,Medium
63,0,22.2,102,112,290,0,1,0,Medium
32,1,32.8,126,120,214,0,2,0,Low
61,1,26.3,154,81,188,1,0,0,Medium
66,1,24.7,156,101,271,0,1,0,Medium
78,0,32.6,132,162,247,0,2,1,High
84,0,26.0,110,129,212,0,0,0,High
23,1,16.0,159,98,214,0,0,1,Medium
26,0,18.7,143,108,206,0,1,1,Medium
23,0,28.7,112,107,211,0,0,0,Low
49,0,26.2,134,125,201,1,0,1,High
58,1,34.1,133,65,166,0,1,0,Medium
25,1,22.7,117,92,205,0,1,1,Low
67,0,24.9,134,151,275,0,2,0,High
79,0,21.9,148,112,172,0,1,0,Medium
79,0,23.8,123,85,194,1,1,0,Low
24,1,16.7,150,87,169,1,1,1,Medium
21,1,24.5,96,140,251,0,2,1,Medium
23,0,26.2,168,97,238,0,0,0,Medium
75,0,25.8,129,133,154,0,0,1,Medium
39,0,37.7,147,93,124,0,2,0,Medium
43,0,36.0,132,75,240,0,2,1,High
20,1,22.6,113,124,151,1,0,0,Low
58,0,16.0,127,112,238,0,0,0,Low
77,1,26.0,94,139,179,0,1,1,High
31,0,28.5,140,146,233,0,0,0,High
29,0,22.0,131,102,223,0,1,0,Low
29,0,22.3,125,127,184,0,0,0,Medium
30,0,34.7,142,101,170,0,0,0,High
42,0,25.2,129,137,228,1,1,0,Medium
62,1,29.9,139,123,177,0,2,1,Low
36,0,21.7,145,93,249,0,1,0,Medium
72,0,26.2,118,90,172,0,1,0,Low
62,0,24.8,113,124,219,1,2,0,Low
25,1,23.0,97,156,189,1,1,1,Medium
70,1,32.5,130,147,205,1,1,1,High
72,1,19.3,136,82,177,1,1,1,Medium
49,1,28.1,104,86,198,0,0,0,Low
68,0,24.7,154,91,110,1,1,0,Medium
61,0,28.7,113,94,172,1,1,1,Medium
35,0,24.7,90,65,181,0,0,1,Low
39,1,31.0,155,143,202,0,0,0,High
54,0,21.6,92,99,257,0,0,0,Low
73,0,32.5,145,131,177,0,1,0,High
76,1,26.4,141,104,262,0,0,0,High
20,1,19.6,134,114,171,0,0,1,Medium
45,1,30.0,119,91,161,0,2,0,Low
52,0,25.5,137,114,130,1,1,0,Medium
78,0,17.6,147,85,229,0,0,0,Medium
71,1,28.2,110,114,208,1,1,0,Medium
80,0,31.7,146,166,227,0,0,0,High
24,1,33.2,145,133,210,0,1,0,High
66,1,24.5,133,125,205,0,1,1,Medium
48,0,27.3,118,69,216,0,1,0,Low
75,1,26.8,145,135,291,0,1,0,High
78,1,34.2,137,138,186,0,0,0,High
41,1,22.3,110,124,287,0,1,0,Low
37,0,24.1,121,122,239,0,0,0,Low
54,1,22.2,143,110,220,0,0,0,Medium
21,1,19.0,130,138,227,0,2,1,Medium
37,1,27.8,148,164,110,0,1,0,High
77,1,34.8,122,127,195,0,2,1,Medium
41,1,25.5,110,81,178,0,0,0,Low
67,1,21.9,167,84,289,0,1,0,Medium
66,1,27.5,98,140,191,0,0,1,High
68,0,29.6,119,81,204,0,1,0,Low
53,0,25.7,133,122,203,0,0,0,Medium
83,1,33.8,146,103,153,0,0,0,High
51,0,22.3,140,77,183,0,0,0,Medium
53,0,25.0,170,144,238,0,1,0,High
23,1,28.0,126,140,120,0,0,0,Medium
56,0,28.5,112,68,217,1,2,1,Medium
59,1,26.7,124,132,169,1,0,1,High
75,1,19.9,122,127,257,0,0,0,Medium
29,1,38.7,127,144,221,1,1,0,High
20,1,25.3,110,121,144,0,2,0,Low
35,1,27.1,142,165,188,0,0,0,High
57,0,29.7,135,111,223,1,0,1,High
38,1,23.2,105,105,193,1,1,0,Low
32,0,26.8,145,81,211,0,0,0,Medium
43,1,23.0,113,82,204,0,1,1,Low
25,1,28.7,107,79,240,0,0,1,Medium
59,1,25.1,130,123,223,0,1,1,Medium
61,0,27.9,96,106,203,0,0,1,Medium
31,1,21.1,139,127,206,0,1,1,Medium
19,1,22.2,88,73,162,1,1,0,Low
54,1,19.4,109,85,264,0,1,0,Low
55,1,22.8,156,84,323,1,1,0,High
58,0,16.0,116,191,192,0,2,0,Low
79,1,24.9,119,109,207,0,0,1,Medium
77,0,23.7,151,113,246,0,0,0,High
31,1,27.3,114,112,245,0,1,0,Medium
19,0,26.7,142,169,212,0,1,0,High
34,0,33.0,149,65,166,0,0,0,Medium
45,1,40.0,137,113,278,0,1,1,High
83,1,32.4,102,65,232,0,1,0,Medium
52,0,24.1,117,65,214,0,1,0,Low
22,1,23.9,177,89,176,0,2,0,Low
82,1,31.0,119,129,207,0,1,1,High
57,1,17.7,182,87,132,0,0,1,Medium
73,0,24.9,159,129,235,0,1,0,High
53,1,25.3,137,119,244,1,1,1,High
62,1,29.5,133,110,214,0,0,1,Medium
40,1,29.7,120,159,167,0,1,1,Medium
64,0,22.6,126,94,223,0,2,1,Low
48,1,24.3,116,128,236,0,0,1,Medium
28,0,28.8,127,65,175,0,0,0,Low
27,1,22.3,103,118,242,0,0,1,Medium
84,0,32.8,103,106,226,1,1,1,High
31,1,29.7,151,74,194,0,2,1,Medium
27,1,27.4,99,129,183,0,1,1,Medium
18,0,28.5,144,89,198,0,0,0,Medium
22,0,24.1,94,176,166,0,1,0,Low
37,0,23.2,139,65,215,0,1,0,Low
25,1,24.3,124,124,227,1,1,1,Medium
60,1,29.1,152,116,252,1,0,0,High
18,1,27.5,122,105,217,1,1,0,Low
74,1,24.3,92,96,221,0,1,0,Low
81,0,30.4,125,117,194,1,0,0,High
45,1,25.6,131,152,170,0,1,1,High
54,1,22.9,126,65,188,1,2,1,Low
64,1,27.8,138,87,262,1,0,1,High
54,1,21.2,118,78,230,0,2,0,Low
66,1,17.7,105,77,221,0,0,1,Low
61,1,26.5,110,127,132,0,1,0,Medium
73,1,23.1,119,136,218,0,0,0,Medium
45,0,25.2,119,152,152,0,0,1,High
23,1,21.5,171,136,155,1,1,1,High
78,1,32.8,151,139,159,0,1,1,High
37,1,23.1,140,66,174,0,1,0,Low
19,1,24.3,136,167,238,0,1,0,Low
54,0,28.5,133,108,214,1,1,0,Medium
37,0,19.3,133,151,167,0,2,0,Low
43,0,19.0,131,67,182,0,1,0,Low
46,0,28.5,129,107,225,0,0,0,Low
18,0,24.2,90,148,233,0,0,0,Low
52,0,21.8,121,116,210,0,1,0,Low
76,1,29.6,124,89,159,0,1,1,Low
50,0,22.3,115,161,188,1,0,1,Medium
68,0,25.1,118,74,300,1,0,1,High
29,1,21.8,133,114,157,0,0,0,Low
37,0,28.1,142,137,220,0,1,0,High
70,1,33.4,133,188,290,1,0,0,High
60,1,16.8,141,99,194,0,0,0,Low
67,0,27.1,142,105,278,0,1,0,High
46,1,31.0,123,99,177,0,1,0,Low
74,0,24.3,137,123,126,0,0,1,Medium
56,0,20.6,97,136,182,0,1,0,Medium
73,1,28.7,121,153,175,0,0,1,Medium
60,1,31.7,119,141,138,1,2,1,High
67,0,31.1,156,98,188,0,0,0,High
40,1,28.4,134,143,245,0,2,0,Medium
61,1,27.0,104,118,181,0,2,1,Low
55,0,21.8,139,141,190,1,1,0,Medium
40,0,31.0,144,143,260,0,0,0,High
62,1,30.7,126,172,175,0,1,1,High
69,0,20.6,140,103,230,0,0,1,High
67,0,28.4,88,96,137,0,2,1,Low
25,0,29.9,88,131,166,0,1,0,Medium
18,0,31.1,107,156,196,1,2,0,Medium
25,0,26.1,131,117,253,0,1,0,Medium
46,0,22.0,156,159,168,1,1,0,High
22,0,23.9,108,139,168,0,1,0,Low
64,1,21.3,113,108,216,0,1,0,Low
51,0,26.2,130,135,222,0,1,1,Medium
82,1,25.2,119,100,164,1,1,1,Medium
72,1,37.7,118,123,184,1,2,1,Medium
60,1,31.2,120,77,248,0,1,1,High
47,0,31.5,152,113,158,0,2,0,Medium
34,0,29.0,148,150,219,0,2,0,High
43,1,24.6,128,142,184,0,1,1,Medium
25,0,25.1,158,137,261,0,0,1,High
64,1,25.5,137,125,228,1,1,0,Medium
63,0,27.5,149,121,240,0,1,0,High
50,0,28.5,113,71,183,0,0,1,Low
18,1,26.5,116,108,238,0,1,0,Low
36,1,25.0,116,121,237,0,2,0,Low
48,1,23.4,126,76,226,0,0,0,Low
31,0,19.3,129,65,194,0,1,1,Low
70,1,33.2,134,155,212,0,2,0,High
65,0,38.0,164,117,131,1,1,1,High
79,0,32.7,141,122,275,0,1,0,High
83,0,20.0,119,134,181,0,1,0,Medium
81,1,30.6,128,81,192,0,1,1,Medium
80,1,31.8,155,101,152,0,0,0,High
50,1,24.4,142,168,232,1,2,0,High
58,0,29.0,155,98,226,0,1,0,Medium
65,0,24.1,119,106,193,1,1,1,Medium
30,1,34.5,115,92,112,1,1,0,Medium
48,0,28.4,115,89,177,1,0,0,Low
21,0,21.7,121,154,223,0,2,1,Medium
36,1,30.0,109,65,215,0,1,0,Low
30,1,32.0,133,99,203,0,0,0,Medium
40,1,27.5,134,123,188,1,2,1,Medium
18,0,29.0,152,174,142,0,1,0,High
71,0,26.1,96,75,244,0,1,0,Low
32,0,20.6,111,69,147,0,1,0,Low
82,0,25.7,143,85,197,0,0,1,High
32,0,29.2,131,140,164,1,1,0,Medium
38,1,25.8,129,119,245,0,0,0,Medium
36,0,30.7,151,65,228,0,1,1,High
77,0,24.5,110,118,191,0,1,0,Low
50,0,24.8,115,169,233,0,2,0,Medium
66,1,30.8,113,124,145,0,1,0,Medium
52,1,27.7,92,121,202,1,0,1,High
61,1,24.4,130,123,163,0,2,0,Low
28,0,31.9,119,130,246,0,1,1,High
83,1,22.9,115,71,220,0,1,1,Low
63,1,22.7,112,107,231,1,0,0,Medium
26,1,16.0,128,109,183,1,2,0,Low
20,0,23.6,114,98,235,1,2,1,Low
43,1,33.3,132,139,160,0,1,0,Medium
65,0,16.0,136,93,166,1,2,0,Low
83,0,21.6,123,102,198,1,0,0,Medium
45,1,28.8,121,71,168,0,2,0,Low
43,0,16.0,131,128,233,0,1,0,Medium
42,1,23.8,127,148,186,1,0,0,Medium
29,0,32.4,152,102,162,0,1,0,Medium
22,1,37.1,134,143,157,0,1,0,High
65,1,28.0,148,110,233,0,0,1,High
54,1,21.7,139,65,110,0,0,1,Low
61,0,21.5,104,113,165,0,0,0,Low
32,1,27.3,118,109,261,0,1,0,Medium
60,0,28.0,127,119,191,1,0,0,Low
65,1,36.2,144,124,234,1,0,0,High
63,0,31.5,163,91,222,1,1,0,High
60,0,26.9,119,166,197,0,2,0,Medium
38,1,24.8,129,113,139,0,1,1,Low
40,1,42.2,142,108,152,0,0,0,High
64,1,29.8,127,141,151,0,2,0,Low
32,1,23.0,158,116,224,0,1,0,Medium
42,1,25.3,104,205,232,1,1,0,Medium
53,0,21.9,140,108,170,0,1,1,Medium
68,1,16.0,140,127,202,0,1,0,High
32,1,28.1,149,89,205,0,0,1,High
38,0,35.8,129,145,208,0,1,0,High
30,1,18.0,144,126,175,1,1,0,High
36,1,26.8,124,103,271,1,1,1,Medium
51,0,22.8,114,84,232,0,1,0,Low
69,1,29.2,111,69,208,0,1,0,Low
44,1,25.6,102,130,184,0,1,1,Medium
46,1,19.4,120,66,172,1,1,0,Low
45,0,21.4,134,161,221,0,2,1,Medium
52,1,22.2,124,71,186,0,1,0,Low
25,0,33.5,132,109,210,0,2,0,Low
33,1,33.2,150,84,129,0,2,0,Medium
53,0,24.9,119,116,184,0,1,1,Low
47,1,32.9,170,116,201,0,1,0,Medium
35,0,25.6,142,131,244,0,0,0,High
19,0,24.8,124,65,168,0,2,0,Low
66,0,26.8,124,88,146,1,0,0,Low
21,0,28.0,110,149,223,0,1,0,Medium
24,0,23.6,128,138,202,0,0,0,Low
56,0,26.6,89,65,136,1,1,1,Low
30,1,30.6,151,128,138,1,1,0,High
48,1,27.2,88,79,179,0,2,0,Low
80,0,26.7,129,94,202,0,1,0,Low
73,0,29.1,107,107,261,0,2,0,Low
59,0,30.0,115,170,162,0,1,1,High
78,0,26.2,118,79,227,1,0,0,Medium
59,1,24.0,163,66,127,0,0,0,Low
73,0,27.5,108,131,219,0,1,0,Medium
53,1,18.2,144,114,265,0,0,1,High
24,1,25.4,149,157,211,0,1,1,High
71,0,16.0,88,103,178,0,0,0,Low
18,0,17.8,117,157,254,0,1,0,Medium
61,1,17.0,155,116,219,0,1,0,Medium
62,1,31.9,104,134,211,0,1,0,High
64,0,26.6,150,172,164,0,0,0,High
30,0,19.9,128,109,220,0,0,1,Low
39,0,29.1,127,152,178,0,1,0,Medium
38,1,31.6,129,94,217,0,0,1,Medium
26,1,29.1,134,123,207,0,1,0,Low
43,0,25.5,111,65,248,0,1,1,Medium
26,1,27.7,123,97,182,1,0,0,Low
32,1,31.2,135,78,199,0,1,0,Low
27,0,24.1,131,158,237,1,1,1,High
59,0,26.7,134,176,196,1,0,0,High
41,1,25.2,115,103,204,0,1,0,Low
66,1,18.1,139,88,189,0,0,1,Low
43,0,31.3,130,69,198,0,1,0,Low
54,0,37.2,100,124,232,1,1,0,Medium
67,0,22.0,118,94,278,0,0,1,Medium
41,0,31.5,112,96,138,0,1,1,Low
36,0,22.1,112,172,154,0,1,1,Medium
77,1,27.2,119,105,199,1,0,0,Medium
56,1,34.3,139,136,207,0,1,1,High
35,1,23.8,117,117,196,0,1,1,Low
36,1,26.4,132,68,183,0,1,1,Low
53,0,17.1,129,65,156,0,1,1,Low
72,0,23.0,114,132,181,0,2,0,Low
64,0,16.6,122,175,238,0,2,0,Low
66,1,28.7,144,126,209,1,1,0,High
50,1,30.8,131,137,232,1,2,1,High
38,1,25.3,138,83,157,1,0,0,Medium
39,0,28.0,151,151,263,0,1,1,High
65,1,24.8,136,150,183,1,0,1,High
54,0,30.4,93,91,224,0,0,1,Medium
32,0,27.2,133,134,200,0,1,1,High
52,0,16.2,117,65,183,1,1,1,Low
49,0,31.4,161,140,222,1,1,1,High
28,0,24.5,135,95,229,0,1,1,Low
27,0,19.9,117,72,313,1,1,0,Medium
74,1,24.2,138,129,231,1,1,0,High
42,0,16.6,130,65,230,0,0,0,Low
19,0,20.0,97,127,251,0,1,0,Medium
81,1,27.2,144,75,226,1,0,0,High
52,0,27.7,121,68,203,0,1,1,Low
24,1,28.1,154,117,218,0,0,1,High
35,1,26.5,126,109,239,1,0,0,Medium
84,1,22.9,154,166,261,0,1,1,High
59,0,26.2,136,70,145,0,1,0,Low
56,0,24.2,146,163,129,0,1,0,Medium
58,1,18.0,119,75,259,0,0,1,Low
41,0,22.5,134,147,173,1,1,0,Medium
77,0,31.1,97,154,139,0,1,1,High
63,1,34.8,126,126,135,0,2,0,Medium
36,1,29.9,101,87,277,1,1,0,Medium
59,0,34.5,107,65,240,1,0,1,High
49,1,26.9,112,65,173,0,1,0,Low
56,1,35.6,140,180,175,1,0,1,High
53,1,37.2,125,105,207,0,0,0,Medium
53,0,17.5,129,76,239,0,0,0,Low
20,0,27.7,125,75,193,0,1,1,Low
25,0,26.9,147,121,174,0,1,1,Medium
58,1,24.3,128,101,250,0,1,0,Low
30,0,29.1,132,65,204,0,1,0,Low
66,1,26.7,118,145,197,0,0,1,High
77,0,22.7,149,127,229,0,1,0,High
19,0,26.4,150,179,120,0,1,0,Medium
77,1,32.8,127,155,224,0,1,1,High
22,0,27.4,117,65,221,0,1,0,Low
61,1,29.8,99,165,150,0,0,0,Medium
44,0,25.1,112,157,127,0,1,0,Medium
49,0,28.9,89,89,182,0,1,1,Low
38,1,20.2,112,100,212,0,1,0,Low
25,1,23.9,134,129,216,0,1,1,Medium
67,1,26.0,127,80,273,1,2,0,Medium
84,0,19.9,170,107,212,1,0,0,High
61,0,22.2,121,150,149,1,1,0,Medium
75,0,28.1,120,133,195,0,1,0,Medium
20,1,27.2,147,92,153,0,0,0,Low
19,1,30.7,93,151,198,0,0,0,Medium
61,1,23.4,101,126,261,1,1,1,High
19,0,26.8,140,124,223,0,0,1,High
52,0,23.0,124,97,176,0,0,0,Low
47,1,30.2,125,115,229,0,2,1,Medium
25,0,32.7,111,88,174,1,1,1,Medium
39,1,29.0,132,65,110,0,0,0,Low
61,0,32.0,113,105,156,0,1,0,Medium
75,0,26.7,129,111,223,1,1,0,Medium
53,1,30.7,107,120,236,0,2,0,Low
48,0,26.9,125,157,274,0,1,0,High
64,0,21.2,164,92,219,0,2,0,Low
72,1,27.8,120,102,259,0,0,0,Medium
79,1,21.3,126,142,230,0,1,1,Medium
47,0,38.7,124,89,242,0,0,1,High
72,1,24.8,131,120,249,0,0,0,Medium
33,0,29.9,136,101,224,1,1,1,High
29,1,26.4,133,106,248,0,0,0,Medium
34,0,20.1,133,142,177,0,1,1,Medium
33,0,16.6,125,102,110,0,2,0,Low
29,1,30.4,130,143,231,1,1,0,High
25,0,34.6,124,65,220,0,0,0,Low
20,0,22.7,95,65,170,0,1,0,Low
33,1,17.9,175,65,155,0,2,0,Low
47,1,24.8,141,74,210,0,1,0,Low
40,0,21.6,110,180,234,0,1,0,Low
22,1,23.1,132,114,226,1,0,0,Medium
82,1,29.7,104,90,164,0,0,1,Medium
47,0,26.2,119,142,173,1,1,0,Medium
38,0,22.2,101,147,232,0,0,1,Medium
39,1,29.6,127,72,208,1,2,1,Medium
49,1,30.0,100,202,247,0,1,0,High
50,1,24.7,135,125,192,0,1,0,Low
33,0,27.2,140,129,235,0,1,1,High
55,0,29.2,113,132,203,0,1,0,Medium
31,0,28.7,131,132,176,1,1,1,High
53,0,26.7,112,93,242,0,2,0,Low
40,0,33.9,137,189,165,0,2,0,Medium
83,0,29.5,116,105,208,0,2,0,Low
19,0,24.2,142,149,212,1,2,0,High
82,1,24.2,95,98,200,0,1,1,Low
84,1,23.6,110,92,245,1,1,1,Medium
69,0,29.8,108,182,228,1,0,1,High
79,0,23.3,132,111,223,1,0,0,Medium
40,0,24.3,138,114,208,0,0,0,Low
43,1,32.0,133,125,279,0,0,0,Medium
72,0,27.5,119,206,264,0,1,1,High
23,1,32.7,88,191,242,1,0,0,High
52,1,30.6,129,160,235,1,2,0,High
39,1,20.4,142,215,181,0,2,1,Medium
60,1,26.0,176,82,203,1,0,0,Medium
32,1,31.6,120,138,230,0,0,0,High
77,0,20.1,116,118,247,0,2,0,Low
29,0,28.7,134,65,241,0,2,0,Low
66,1,26.3,123,131,228,1,2,1,High
59,0,17.4,151,98,285,1,2,0,Medium
55,1,27.1,113,169,200,1,2,0,Medium
62,1,22.1,124,101,246,1,1,0,Medium
52,0,20.4,144,99,241,0,0,0,High
47,0,26.5,134,169,223,1,1,0,High
47,0,16.5,149,113,224,0,0,0,Medium
23,0,23.0,120,156,223,1,2,0,Medium
84,0,39.8,151,130,177,1,1,0,High
24,1,29.9,98,130,221,0,1,1,Medium
69,0,21.9,99,106,235,0,0,0,Low
31,0,33.8,151,133,218,0,1,1,High
32,0,21.3,128,110,131,1,1,0,Low
38,1,23.6,145,87,142,0,2,0,Low
52,0,20.5,130,111,172,0,0,1,Medium
83,1,27.8,128,160,201,1,2,0,High
19,0,33.6,104,134,174,0,2,0,Medium
52,0,21.3,128,142,231,0,1,0,Medium
37,1,16.0,153,115,253,0,1,0,High
27,0,32.2,129,65,258,0,1,0,Medium
42,0,34.6,140,72,218,1,0,0,High
83,1,16.1,140,105,248,0,0,1,High
42,0,28.9,110,75,182,0,2,0,Low
71,1,27.7,143,97,199,0,1,1,Medium
50,1,22.4,122,95,158,0,0,0,Low
53,1,19.2,123,96,253,1,1,0,Medium
31,1,31.7,166,165,284,1,1,1,High
82,1,27.4,139,113,191,0,0,0,Medium
71,0,27.8,117,148,118,0,1,1,Medium
69,0,23.3,129,121,167,0,0,0,Low
20,0,22.3,129,165,179,0,0,0,Low
58,1,16.0,158,151,152,0,1,1,High
23,1,25.3,129,94,164,1,1,1,Medium
42,1,34.0,168,184,213,0,0,0,High
30,1,21.9,105,99,231,0,1,1,Low
25,0,18.6,127,122,122,0,0,1,Low
38,0,28.8,114,128,184,0,0,0,Medium
42,1,29.7,119,132,207,0,0,1,High
62,1,23.5,119,143,162,0,0,1,Medium
77,0,24.7,115,89,214,0,0,0,Low
29,1,27.9,159,140,200,0,2,0,High
49,1,25.7,154,135,187,1,1,1,High
30,1,31.7,135,115,170,0,0,0,Medium
48,0,39.2,119,108,216,1,0,0,Medium
37,0,17.6,116,87,174,0,0,0,Low
35,1,32.9,141,132,136,1,1,0,High
77,0,27.0,133,92,206,1,1,0,Medium
80,1,33.7,125,123,155,0,0,1,Medium
23,1,30.3,138,111,139,1,1,1,High
49,0,26.8,144,68,210,0,1,0,Medium
60,1,30.5,125,82,198,0,0,1,Medium
19,1,24.5,114,129,170,0,1,0,Low
77,0,22.5,104,97,214,0,1,0,Low
40,1,30.7,133,95,222,0,0,0,Medium
48,1,22.1,167,88,215,1,1,1,High
22,1,29.8,108,89,213,1,1,0,Low
51,0,26.7,148,172,141,0,1,0,High
27,1,16.0,116,76,257,1,0,0,Medium
19,0,23.5,119,167,227,0,1,1,Medium
28,1,28.2,144,103,167,0,1,1,Medium
67,1,24.4,123,92,205,1,1,0,Low
48,1,16.0,132,128,212,0,1,0,Medium
73,1,33.4,132,117,203,0,0,1,High
26,0,27.4,116,108,277,1,1,1,High
38,0,28.8,144,123,127,0,1,0,Medium
45,1,24.0,127,116,146,0,1,1,Low
79,1,29.3,103,107,113,0,2,1,Medium
24,1,36.0,112,148,208,0,2,0,Medium
33,1,22.7,88,65,227,1,0,0,Low
21,1,35.2,129,83,219,0,2,0,Low
21,1,28.6,151,87,193,0,1,1,Medium
57,1,22.0,109,78,221,0,1,0,Low
34,1,38.0,139,118,193,0,2,0,Low
69,0,28.5,136,133,235,0,1,1,High
69,0,30.0,114,65,249,0,1,1,Medium
53,0,25.1,156,98,168,0,2,0,Low
55,1,22.4,123,104,193,0,0,0,Low
67,1,27.4,164,105,200,0,0,0,Medium
80,1,34.7,99,70,262,0,1,0,Medium
80,0,24.9,123,104,172,1,2,1,Low
79,1,26.4,125,83,249,1,2,0,Medium
24,0,34.1,127,103,146,0,0,0,Low
44,1,24.9,141,65,255,0,2,1,High
31,0,29.2,189,104,239,1,0,0,High
22,0,31.1,136,90,199,0,2,0,Low
72,0,25.5,128,106,242,0,1,0,Medium
19,1,28.1,108,126,185,1,0,1,High
79,0,29.9,94,113,168,1,0,0,Medium
38,1,24.4,149,143,273,1,0,0,High
38,1,30.7,118,102,183,1,0,0,Medium
27,1,23.7,175,137,232,0,1,1,High
75,1,23.0,144,154,249,0,0,0,High
56,1,18.6,134,125,237,1,2,0,Medium
22,0,23.9,135,114,229,0,1,1,Low
82,1,22.3,135,130,232,1,1,1,High
30,1,24.4,115,126,247,0,0,1,Medium
70,1,29.7,96,150,218,0,2,0,Medium
62,1,17.5,118,143,203,1,1,1,High
49,1,16.2,128,143,150,0,2,0,Low
53,0,22.6,116,117,218,1,2,0,Medium
77,0,28.9,105,127,246,0,0,0,High
28,1,28.0,115,126,161,1,0,0,Medium
80,0,22.5,147,73,196,0,2,0,Medium
38,0,32.6,141,152,222,0,2,0,High
69,1,23.1,131,65,265,0,1,1,Medium
72,0,28.9,139,140,159,0,1,0,Medium
43,1,24.6,108,124,237,1,1,0,Low
51,0,22.0,114,105,191,0,0,0,Low
69,0,23.4,134,129,178,0,0,1,High
69,0,30.3,110,130,168,0,1,0,Medium
46,1,28.4,130,69,179,0,0,0,Low
55,0,31.5,105,165,225,0,1,0,Medium
59,0,28.4,98,118,196,0,2,1,Low
38,1,18.1,141,196,234,0,2,0,High
59,1,37.5,146,143,160,1,2,0,High
30,0,28.5,117,117,233,0,2,0,Low
81,1,29.2,101,91,222,1,1,1,Medium
34,0,24.5,88,111,145,0,2,0,Low
26,0,32.3,161,120,265,0,2,0,High
58,1,20.8,130,166,219,0,2,0,Medium
18,1,29.7,117,158,236,0,1,1,Medium
19,1,16.0,121,131,251,0,0,0,Medium
77,0,30.0,94,177,244,1,0,0,High
65,1,20.9,139,65,200,0,0,0,Low
46,0,27.9,164,131,234,1,2,0,High
27,1,33.6,114,159,133,0,1,0,Medium
75,0,30.8,171,134,221,0,2,0,High
77,1,32.9,126,68,274,0,1,1,Medium
38,0,32.3,158,164,177,1,1,0,High
45,1,23.8,134,142,242,0,0,1,High
51,0,29.6,134,127,276,1,0,0,High
25,1,17.5,161,118,233,0,1,1,Medium
76,1,22.9,142,185,246,0,1,0,High
66,0,33.7,135,131,142,0,0,0,High
34,1,24.5,93,107,168,1,1,0,Low
77,0,16.8,101,87,262,1,1,1,High
62,0,37.0,136,142,243,0,2,1,High
49,1,29.4,154,150,225,1,0,0,High
61,0,30.5,130,117,194,0,1,0,Medium
82,1,21.4,117,95,216,1,0,0,Low
25,1,28.0,95,162,275,1,1,0,High
60,0,27.8,114,84,201,0,1,0,Low
18,1,22.2,130,184,233,1,1,0,Medium
68,0,25.6,113,89,232,0,2,0,Low
41,0,18.7,111,70,178,0,0,1,Low
41,1,24.7,127,75,181,0,0,1,Low
34,1,31.6,154,76,266,0,1,0,High
22,0,22.6,140,107,228,0,1,1,Medium
37,0,36.4,133,99,178,0,0,0,Low
38,1,19.0,131,151,193,0,1,1,Medium
75,1,25.1,138,146,166,0,0,0,Medium
48,1,23.1,126,107,248,0,0,1,Medium
28,1,25.6,121,224,195,0,1,0,Low
69,0,33.6,141,107,195,1,2,0,High
32,1,21.4,124,111,239,0,1,1,Low
24,0,24.2,107,70,138,1,1,0,Low
45,0,29.9,154,112,204,0,2,0,Low
68,1,27.0,94,125,205,0,0,0,Medium
75,0,27.4,155,74,194,0,1,1,Medium
22,1,21.5,137,98,183,0,2,0,Low
22,0,26.1,111,126,177,0,0,0,Medium
25,1,32.4,128,97,216,0,1,0,Low
81,0,18.1,120,89,165,0,2,0,Low
27,0,22.9,143,142,211,0,2,0,High
55,1,17.1,142,70,183,1,0,1,Medium
25,1,29.3,136,77,186,0,0,0,Low
42,0,32.9,141,121,213,0,0,0,High
83,0,25.5,126,145,185,0,1,0,Medium
67,1,21.3,160,126,256,0,1,0,High
84,0,21.4,150,107,199,1,1,1,High
66,1,25.0,119,104,247,0,2,0,Medium
53,0,24.9,143,150,175,0,0,1,High
58,1,31.2,141,145,174,0,2,0,High
79,0,23.0,123,117,138,0,0,0,Low
27,1,28.8,122,105,185,0,0,0,Low
38,1,24.9,150,116,196,1,1,1,High
53,0,22.6,128,90,208,0,0,1,Low
29,1,24.8,133,110,233,0,1,0,Low
19,0,28.2,153,98,230,0,2,1,Medium
30,1,31.3,174,111,250,0,0,0,High
70,1,25.2,119,99,170,0,1,1,Low
49,1,20.2,124,133,206,0,0,1,Medium
33,0,31.7,129,144,165,0,0,1,High
49,1,21.8,130,102,222,0,1,1,Medium
49,0,27.9,135,87,277,0,2,1,Medium
28,1,26.4,119,140,157,0,1,1,Medium
27,0,25.7,105,121,233,0,1,0,Low
32,0,24.0,160,102,247,0,2,0,Medium
34,0,29.7,139,163,169,0,1,0,Medium
57,1,16.0,120,95,222,0,0,1,Medium
35,0,32.4,136,65,191,1,1,0,Medium
72,1,21.8,161,90,200,1,1,0,Medium
42,0,28.6,114,172,189,1,1,1,High
76,0,28.3,132,104,196,1,1,1,Medium
39,0,33.1,103,97,251,1,0,0,Medium
47,0,27.5,126,116,202,1,1,0,Medium
61,1,22.2,139,150,181,1,1,0,Medium
49,0,18.2,108,112,208,1,1,0,Medium
68,0,24.7,125,136,120,0,2,1,Medium
63,1,16.3,142,108,172,0,2,1,Medium
38,0,23.2,139,136,255,1,1,0,High
49,0,25.0,107,121,199,0,1,0,Low
56,0,22.9,135,101,186,1,1,1,Medium
29,0,26.7,138,124,212,0,1,0,Medium
64,1,25.3,130,96,234,0,2,0,Low
35,1,24.8,148,67,258,0,1,1,Medium
38,0,16.0,117,114,187,1,0,1,Medium
30,1,19.8,135,70,188,0,1,0,Low
38,1,29.8,107,136,196,1,1,1,High
25,0,30.7,99,114,246,1,1,0,High
63,1,16.9,142,165,207,0,1,0,High
24,0,22.3,128,103,292,0,0,0,Medium
40,1,32.1,120,114,199,0,0,0,Medium
39,1,22.8,109,65,276,0,0,0,Low
39,1,25.9,143,76,169,0,1,0,Low
46,0,34.0,101,65,149,0,0,1,Medium
30,1,24.6,146,153,201,0,2,0,High
19,0,23.9,136,99,251,1,0,0,Medium
46,0,25.7,102,161,186,0,2,0,Medium
69,1,36.1,130,65,180,0,0,0,Medium
44,0,28.8,176,169,246,0,0,0,High
67,1,26.6,149,113,233,1,1,0,High
40,0,23.8,113,127,173,1,0,1,High
61,0,29.3,141,78,171,0,2,0,Low
39,1,29.9,103,133,238,1,0,0,High
60,1,20.9,103,102,140,1,1,0,Low
54,1,30.1,127,73,248,1,2,0,Medium
78,1,25.7,138,73,233,1,1,1,Medium
73,0,26.6,143,72,114,0,0,0,Medium
20,0,21.9,143,128,206,0,0,0,High
80,0,24.4,137,93,126,0,1,1,Low
36,1,21.1,99,65,157,0,0,0,Low
40,0,20.9,127,128,185,0,1,0,Low
46,1,28.5,145,65,154,1,2,1,Medium
47,0,24.7,136,162,294,0,2,1,High
56,1,19.7,131,185,240,1,0,0,High
42,0,37.8,134,69,260,0,0,0,Medium
25,0,20.7,134,152,199,0,0,1,Medium
75,1,32.2,93,127,206,0,1,0,Medium
33,0,18.8,149,97,268,0,1,0,Medium
18,1,28.9,126,99,222,1,2,0,Low
22,0,25.2,141,138,229,1,1,0,High
20,0,23.2,88,114,169,0,0,0,Low
82,1,27.5,158,65,168,1,1,0,Medium
21,1,26.8,107,188,215,1,0,1,High
81,0,22.3,174,130,220,0,0,0,High
27,0,22.0,166,113,165,0,0,0,Medium
38,0,18.3,104,90,219,0,0,0,Low
63,0,28.1,143,108,156,0,1,1,Medium
44,0,20.0,110,159,206,1,1,0,Medium
83,0,26.5,116,124,148,0,0,0,Medium
58,1,29.6,117,128,258,0,2,0,Medium
30,1,27.6,136,71,193,0,1,0,Low
26,1,22.7,134,103,177,1,0,1,Medium
53,0,31.2,106,117,159,1,0,0,Medium
75,0,24.4,136,139,155,0,1,0,Medium
71,0,19.6,124,100,222,0,2,1,Low
29,1,25.0,95,147,245,0,1,0,Medium
31,1,29.6,120,75,241,1,2,0,Medium
51,0,23.0,158,117,261,0,1,0,High
70,0,31.1,121,112,275,1,1,0,High
37,1,22.5,95,65,243,1,1,0,Medium
33,1,23.2,143,113,185,0,1,0,Low
73,1,21.1,111,95,212,0,1,0,Low
75,0,30.1,132,164,115,0,2,0,High
21,0,26.2,125,101,231,0,0,1,Medium
21,0,21.4,160,127,211,0,1,1,High
37,1,24.4,125,72,269,0,1,1,Medium
27,1,16.0,107,123,175,0,1,0,Low
41,0,30.5,120,100,226,0,0,1,Medium
43,0,25.6,106,88,165,1,1,0,Low
54,1,16.0,124,214,201,0,1,0,Medium
71,0,18.9,160,103,140,0,1,0,Medium
38,1,24.3,150,108,259,1,1,0,High
55,1,19.7,165,147,247,0,1,0,High
63,0,30.6,137,88,186,0,0,0,Low
21,1,28.7,131,129,215,1,2,0,Medium
77,0,28.4,110,133,207,0,2,0,Low
74,1,16.0,133,124,181,0,0,1,Medium
62,1,23.8,126,195,210,0,0,0,Medium
37,0,22.9,142,87,187,0,0,0,Low
34,1,21.5,108,169,244,0,1,1,Medium
21,0,24.3,129,132,197,1,2,0,Medium
31,0,20.6,100,147,301,0,1,0,Medium
20,1,27.6,134,127,202,0,2,0,Medium
75,0,30.5,140,181,210,1,0,1,High
72,0,30.0,99,104,226,1,1,1,High
21,0,25.8,104,132,238,0,0,0,Medium
41,0,36.9,105,161,208,0,0,0,High
51,0,32.4,125,95,225,0,1,0,Low
47,0,26.0,103,150,212,1,0,0,High
36,1,24.0,153,114,174,0,1,1,Medium
48,0,33.5,136,72,163,1,1,0,Medium
77,1,31.7,139,65,233,0,2,0,Medium
77,1,19.2,99,112,266,1,0,1,High
36,0,32.1,151,150,140,0,1,0,High
66,1,25.7,140,65,148,1,2,1,High
80,1,22.0,116,122,147,1,2,1,Medium
39,0,16.2,100,146,236,0,1,0,Low
41,0,25.1,127,70,239,1,1,1,Medium
47,0,26.4,120,93,166,1,1,0,Low
75,1,34.8,120,135,293,1,1,0,High
48,1,31.5,115,145,190,0,1,1,High
81,0,23.5,141,171,262,0,1,0,High
36,0,28.5,88,94,237,1,1,0,Low
65,1,30.8,154,86,167,1,1,0,High
62,1,26.9,146,173,188,0,0,0,High
72,1,23.4,132,89,170,1,1,0,Low
72,1,23.7,125,133,151,0,0,0,Medium
35,0,28.5,147,191,195,1,1,0,High
80,1,28.6,127,141,157,0,0,0,Medium
64,1,25.0,123,142,198,0,1,1,Medium
74,1,16.0,148,160,282,0,2,0,High
62,1,19.8,166,133,233,0,1,0,High
50,0,29.7,111,143,183,0,0,0,Medium
34,0,16.0,136,103,179,0,1,0,Low
21,1,32.7,108,156,189,0,0,0,Medium
37,1,31.9,137,129,288,0,1,0,High
64,0,26.7,114,65,161,1,1,0,Low
32,0,29.6,150,124,205,0,2,1,Medium
64,1,29.2,126,65,224,0,0,0,Low
26,1,25.9,129,140,254,0,1,0,Medium
33,0,19.4,157,107,192,1,2,0,Medium
78,0,31.5,115,182,166,0,2,0,Medium
27,0,33.8,140,132,217,0,0,0,High
67,0,20.2,117,147,258,1,1,0,High
20,0,19.2,150,78,194,1,0,0,Medium
68,0,25.8,160,139,171,0,1,1,High
36,1,23.2,123,93,209,1,0,0,Medium
59,0,27.3,89,153,140,0,2,1,Medium
52,0,32.8,116,76,196,0,0,1,Medium
63,0,16.0,172,119,252,0,1,0,High
43,0,34.7,117,74,240,0,1,0,Medium
81,1,24.4,160,119,199,0,2,0,Medium
54,1,29.2,117,186,271,0,1,0,Medium
66,0,29.7,117,140,281,0,0,1,High
38,1,30.3,142,114,232,0,0,0,High
81,1,26.8,140,65,146,0,0,1,Medium
22,1,28.0,143,96,130,0,1,1,Medium
21,1,28.0,128,132,260,0,1,0,Medium
56,1,23.2,147,97,215,1,1,0,Medium
52,1,17.4,145,165,270,0,0,0,High
18,0,20.2,149,118,151,0,1,1,Medium
41,0,26.0,117,153,199,0,1,1,Medium
74,0,22.4,147,122,246,0,2,0,Medium
58,0,22.4,119,105,176,0,1,0,Low
71,0,35.9,125,99,246,0,0,0,High
63,1,31.0,125,80,200,1,1,1,Medium
77,0,25.2,110,153,206,0,0,1,High
77,0,30.0,97,100,158,0,1,0,Medium
74,1,24.3,150,133,215,0,1,0,High
48,1,27.1,115,97,293,1,0,0,Medium
41,0,28.8,123,77,221,1,0,0,Medium
53,1,24.3,115,134,173,0,0,1,Medium
47,1,22.9,123,89,261,0,2,0,Low
41,1,32.9,119,101,175,1,0,0,Medium
47,1,29.7,151,71,274,0,0,0,Medium
24,0,16.0,117,98,154,0,0,0,Low
52,1,23.0,159,116,216,0,1,0,Medium
72,0,22.4,149,105,266,0,1,1,High
31,0,23.3,119,144,170,1,2,1,Medium
27,1,31.0,134,120,208,1,0,0,High
33,1,26.6,137,223,251,1,1,0,High
71,1,19.3,143,130,115,0,1,0,Medium
61,0,24.5,145,65,242,0,2,0,Medium
62,1,29.3,131,108,201,0,0,0,Medium
73,1,25.4,111,111,263,1,0,0,High
74,1,23.1,140,94,172,0,1,0,Medium
38,1,28.2,124,118,150,0,0,1,Medium
67,1,34.9,88,92,183,0,0,0,Low
50,0,28.9,135,127,182,0,1,0,Medium
24,1,33.3,115,65,197,1,1,0,Low
32,1,23.5,120,155,186,0,1,1,Medium
49,1,26.5,128,65,125,0,1,0,Low
37,0,26.4,100,106,201,0,1,0,Low
32,1,27.1,131,89,214,0,1,0,Low
65,0,28.8,122,126,197,1,1,0,Medium
38,0,21.7,112,109,216,1,1,1,Medium
59,1,29.9,129,124,208,1,0,1,Medium
43,1,18.0,98,154,150,1,0,0,Medium
31,1,19.6,129,142,193,0,1,1,Low
74,0,37.6,136,116,210,0,1,0,Medium
54,0,23.8,133,131,196,0,1,0,Medium
75,0,30.3,142,184,145,0,1,1,High
38,0,35.3,149,143,254,0,0,0,High
20,0,16.0,127,105,166,0,0,0,Low
54,0,32.4,148,160,155,0,0,1,High
66,1,29.9,126,129,207,0,1,0,Medium
36,1,35.0,115,81,192,1,1,0,Medium
29,0,20.4,121,109,229,1,1,1,Medium
78,1,34.0,133,65,240,0,1,1,High
58,1,22.7,148,65,234,0,2,1,Medium
50,0,32.0,128,82,205,1,2,0,Low
67,0,26.3,116,119,227,0,1,1,Medium
50,1,30.5,154,119,143,0,2,1,High
41,0,26.8,102,66,249,0,1,0,Low
78,0,16.9,116,65,189,0,2,1,Low
78,1,16.0,144,166,284,0,2,0,High
45,0,27.6,160,118,250,1,2,0,High
75,1,25.1,137,169,197,0,1,0,Medium
60,1,28.6,132,167,206,0,1,0,Medium
58,1,25.2,123,141,252,0,1,0,High
56,1,37.0,138,117,115,0,0,0,Medium
66,1,27.7,130,101,199,0,1,0,Low
34,0,24.2,114,140,273,0,2,0,Medium
82,0,28.3,122,109,239,0,0,0,Medium
22,0,24.3,112,94,171,0,1,1,Low
19,0,27.0,128,65,218,0,1,1,Low
39,1,20.2,131,112,166,0,1,1,Low
74,1,26.5,157,153,191,0,2,0,Medium
83,0,24.0,117,159,218,0,2,1,Medium
33,1,20.7,125,117,225,0,1,0,Low
68,0,36.8,151,84,234,0,0,0,High
56,0,20.9,160,147,254,1,1,1,High
57,0,26.5,137,114,157,1,1,0,Medium
55,1,22.3,123,102,206,0,1,1,Low
77,1,28.0,119,65,171,1,0,0,Low
76,1,19.9,95,189,189,0,1,0,Medium
27,1,30.9,111,141,175,0,0,1,High
81,0,37.1,130,145,225,0,1,0,High
80,1,22.1,125,85,247,0,0,1,Medium
66,1,32.8,139,118,249,0,1,1,High
81,1,24.5,124,112,161,0,0,0,Low
49,0,34.3,115,142,200,1,2,0,High
24,0,37.9,134,163,160,0,1,0,Medium
38,1,25.3,173,65,158,0,0,0,Low
37,1,18.6,122,77,179,0,1,0,Low
43,1,31.4,130,138,219,0,2,0,Medium
32,1,27.7,143,97,226,1,1,1,Medium
31,0,29.1,118,144,231,1,1,1,High
44,1,24.7,151,102,229,1,0,1,High
57,1,21.9,100,71,171,0,1,0,Low
75,1,32.5,121,65,252,0,1,0,Medium
45,0,28.2,122,132,237,0,1,1,High
43,0,19.0,131,133,188,0,2,0,Medium
80,1,30.1,93,149,190,0,0,1,High
83,1,29.0,152,126,179,1,0,1,High
42,1,24.8,135,65,153,0,2,0,Low
20,1,34.9,148,133,232,0,1,1,High
61,1,23.3,157,65,238,1,0,0,Medium
59,0,25.6,115,65,168,1,1,1,Medium
23,0,30.5,88,65,156,0,2,0,Low
56,0,26.9,149,65,168,0,0,0,Medium
69,1,19.3,123,125,209,0,0,1,Medium
40,0,27.5,108,89,150,0,0,1,Low
67,0,24.3,138,65,250,0,2,0,Low
60,0,31.0,172,116,248,0,2,0,High
36,1,27.3,126,76,222,0,1,1,Low
68,1,27.0,145,149,237,0,1,1,High
28,0,21.0,110,166,207,1,0,1,High
29,1,25.3,98,107,224,1,0,1,Medium
25,0,31.5,144,163,153,0,2,1,High
41,0,22.5,138,163,261,1,0,1,High
58,0,26.3,120,118,186,0,1,0,Low
53,0,21.6,159,176,200,0,1,0,High
72,1,20.3,96,93,304,0,0,0,Medium
26,1,26.1,106,65,196,0,1,1,Low
64,1,27.4,118,65,235,0,1,1,Low
32,1,36.9,122,92,226,1,1,0,Medium
65,0,24.1,154,134,152,0,0,0,High
59,1,26.2,129,75,165,1,0,0,Low
77,0,20.0,125,91,286,0,1,0,Low
29,1,29.7,105,71,228,0,2,0,Low
19,1,28.6,148,92,204,0,0,0,Medium
24,1,34.2,108,162,184,0,2,1,High
20,0,32.3,105,128,218,0,1,0,Medium
20,0,28.3,121,95,222,0,2,0,Low
44,0,24.1,131,158,214,0,0,0,Medium
57,0,27.6,115,116,248,0,0,1,Medium
50,1,25.9,141,120,170,0,0,1,High
18,0,31.5,123,155,165,0,1,0,Medium
25,0,30.8,147,103,247,0,2,1,High
49,1,25.0,137,147,290,1,0,0,High
65,1,18.9,160,145,239,1,1,0,High
21,0,33.4,120,110,257,0,0,0,Medium
36,1,29.5,143,66,202,0,1,0,Medium
49,0,24.8,96,115,216,0,0,0,Low
26,1,29.3,180,155,215,1,0,1,High
29,0,26.9,142,144,203,0,0,1,High
28,0,33.4,123,175,261,0,1,0,Medium
63,0,16.5,123,98,250,0,0,0,Low
33,0,24.4,124,142,189,0,0,0,Medium
18,0,34.8,161,80,139,0,0,0,Medium
80,1,29.4,144,122,202,1,2,0,High
38,0,35.7,120,154,159,0,1,0,Medium
47,0,20.1,106,147,206,1,1,1,Medium
30,0,32.1,150,119,162,0,1,1,High
51,0,31.8,143,106,255,1,0,0,High
21,0,17.8,141,80,232,1,1,0,Medium
45,1,25.0,126,107,231,0,0,0,Medium
76,1,25.9,123,69,248,1,1,0,Medium
44,0,18.1,158,103,221,0,1,0,Medium
42,1,25.1,160,65,227,0,1,0,Medium
20,0,31.0,140,69,262,0,0,0,High
42,1,24.5,145,145,200,0,0,1,High
37,1,27.8,132,141,229,0,1,0,Medium
51,0,27.8,103,105,163,0,1,1,Low
43,1,26.4,110,117,208,1,0,0,Medium
22,1,22.8,149,122,295,0,0,1,High
78,0,29.9,151,131,238,0,2,0,High
26,0,18.2,147,127,202,0,1,0,High
67,1,26.5,134,68,216,0,2,0,Low
23,1,33.7,148,65,204,0,0,0,High
77,1,24.2,127,79,214,0,1,0,Low
61,0,22.7,139,110,189,1,0,1,Medium
28,1,30.3,124,149,225,0,1,1,High
83,1,27.3,109,123,226,0,0,0,Low
64,1,30.4,144,134,205,1,0,0,High
20,0,26.7,151,84,211,0,0,0,Medium
47,0,16.0,173,113,219,0,1,1,Medium
38,0,32.6,133,117,184,0,1,1,Medium
45,0,37.3,109,89,224,1,1,0,Medium
79,1,33.2,122,78,236,1,2,1,High
50,0,16.0,126,107,264,1,1,1,Medium
52,1,28.8,131,138,218,0,1,0,Medium
69,1,24.1,136,83,183,0,2,0,Low
51,1,20.9,135,108,201,1,1,1,Medium
58,1,27.1,142,162,159,0,0,1,High
68,0,25.7,132,97,234,0,2,0,Low
64,0,29.1,88,115,123,0,0,1,Low
75,0,26.8,132,111,246,0,1,0,Medium
74,0,20.7,130,108,251,0,0,0,Medium
40,0,23.5,138,173,110,1,1,0,Medium
65,1,22.7,121,126,256,0,1,1,High
39,0,17.6,132,65,246,0,0,0,Low
34,0,19.4,138,168,193,0,1,0,Medium
28,0,25.4,125,125,157,1,1,0,Low
32,0,33.9,140,102,171,0,0,0,High
52,1,23.7,129,162,175,0,1,1,Medium
50,1,22.6,131,88,258,1,0,0,Medium
33,1,20.4,88,175,187,0,2,1,Low
51,1,26.7,107,118,241,0,1,1,Medium
83,1,32.6,107,150,200,0,2,0,Medium
57,0,36.9,132,222,207,1,0,1,High
45,1,28.0,151,121,142,1,0,0,High
64,1,27.2,126,112,159,0,0,0,Low
56,1,23.7,143,78,257,1,0,0,High
37,0,24.5,140,111,199,1,1,1,High
18,0,29.8,131,79,217,0,2,0,Low
80,1,24.9,138,108,277,0,1,0,Medium
84,0,25.7,132,216,200,0,2,1,High
21,0,26.4,125,119,198,1,0,1,Medium
75,1,23.4,135,96,253,0,2,0,Low
42,0,26.1,154,108,205,0,0,0,Medium
64,0,16.0,137,101,218,0,2,0,Low
55,0,29.4,132,152,245,0,0,0,High
32,1,38.7,112,112,205,1,2,0,Medium
80,1,23.6,153,171,237,0,0,0,High
38,1,28.4,103,104,200,1,0,0,Medium
74,0,30.9,97,106,244,0,1,1,High
70,1,33.2,135,84,222,0,1,0,Medium
63,0,25.1,112,102,196,1,1,0,Low
31,0,17.1,148,65,208,0,2,0,Low
34,0,27.9,98,65,110,0,1,0,Low
56,1,27.2,145,137,253,1,1,0,High
26,1,24.7,143,65,155,0,0,0,Medium
23,1,25.8,130,129,162,0,1,0,Medium
40,1,27.2,90,97,187,0,1,0,Low
76,0,28.4,97,148,133,0,2,0,Medium
63,1,28.2,132,65,224,1,1,0,Medium
55,0,25.4,124,136,219,1,1,0,High
31,1,28.5,141,127,186,0,0,0,High
79,1,25.0,127,128,178,1,0,0,High
52,1,29.8,125,154,177,1,1,1,High
36,0,23.2,88,117,230,0,0,1,Low
47,0,26.9,143,65,141,0,0,0,Low
42,0,18.1,116,131,189,0,0,1,Medium
57,0,24.6,121,126,144,1,2,1,High
31,0,29.5,109,106,236,1,0,1,Medium
43,1,21.1,100,86,192,0,2,0,Low
39,0,24.8,154,102,227,1,0,1,High
65,0,16.0,142,166,255,0,0,1,High
68,0,19.4,143,83,256,0,1,0,Medium
20,0,20.7,124,65,164,1,1,0,Low
59,1,27.0,97,65,217,0,1,1,Low
36,0,28.2,166,114,250,0,1,0,Medium
45,1,26.2,136,173,233,0,0,0,High
62,1,24.5,130,192,237,0,1,1,Medium
80,1,24.5,122,138,134,0,1,0,Low
36,0,30.2,91,81,232,0,0,0,Low
64,1,27.6,149,84,173,1,2,0,Medium
31,0,24.8,109,146,232,1,1,0,Medium
55,0,33.2,138,162,231,0,1,1,High
70,0,36.6,142,93,229,0,2,0,Medium
78,0,20.0,134,165,201,0,2,1,High
53,0,29.2,136,107,258,0,1,0,Medium
57,1,42.6,152,140,225,0,0,0,High
47,1,28.0,114,155,218,0,2,0,Medium
26,0,27.1,131,65,168,0,0,0,Low
81,1,26.2,124,131,221,0,0,1,High
50,0,29.0,95,165,284,0,0,0,Medium
69,1,30.4,133,95,149,0,1,1,Medium
31,1,20.0,151,78,234,1,2,0,Medium
70,1,26.4,153,132,239,1,1,0,High
76,1,16.0,161,120,274,0,2,0,Medium
58,1,25.4,96,104,234,1,0,1,Medium
25,0,21.8,157,115,205,0,0,0,Medium
19,0,28.3,131,65,222,0,1,1,Low
58,1,17.9,157,129,194,1,2,1,High
72,0,23.8,121,171,254,0,1,0,Medium
33,1,31.5,118,90,143,0,0,0,Low
79,0,23.0,106,86,185,0,0,0,Low
65,1,16.6,142,121,223,1,0,1,High
47,1,27.8,137,215,252,0,0,0,High
29,1,23.5,108,153,204,1,0,0,Medium
52,0,25.5,89,112,174,1,2,0,Low
28,0,22.7,135,116,197,0,1,1,Low
81,1,36.8,138,157,190,0,1,1,High
67,1,18.4,110,83,192,0,0,1,Low
38,0,41.2,107,136,188,0,0,1,High
65,0,24.5,140,76,188,0,1,0,Low
37,0,27.5,161,147,136,1,2,0,High
84,0,23.5,119,105,217,0,1,1,Low
61,0,23.3,112,122,232,1,2,1,Medium
50,1,22.4,133,102,265,0,2,0,Low
78,0,29.6,139,139,239,1,0,0,High
26,1,19.2,121,109,237,0,0,1,Low
52,1,28.4,164,191,217,0,1,0,High
82,0,16.0,144,165,134,1,1,0,High
25,0,27.9,121,69,216,0,0,1,Low
62,1,30.9,99,122,209,0,1,1,Medium
64,0,19.9,152,141,246,0,1,0,High
57,1,30.0,149,99,228,0,2,0,Medium
71,0,26.8,123,157,200,1,0,0,High
63,0,34.8,134,153,283,1,0,1,High
64,0,22.1,125,112,239,0,1,1,Low
32,1,41.1,137,149,219,0,1,1,High
36,0,16.0,110,65,223,0,1,0,Low
43,1,24.8,107,163,207,1,2,0,Medium
69,0,17.7,143,146,206,1,1,1,High
39,1,36.1,145,77,118,0,1,0,Medium
38,0,25.1,119,124,168,0,0,0,Low
68,1,25.6,115,65,183,0,1,0,Low
55,1,28.8,149,88,223,0,1,0,Medium
37,1,26.5,115,153,139,0,2,1,Medium
46,1,23.4,129,115,184,1,2,0,Low
68,1,20.0,127,113,179,0,1,1,Low
21,1,27.4,102,117,210,0,1,0,Low
72,0,28.5,131,112,223,0,0,1,Medium
45,1,30.1,130,150,179,1,0,1,High
21,1,36.4,134,93,182,0,0,0,Low
39,1,16.0,131,130,178,0,0,0,Medium
62,0,26.1,166,75,189,0,1,0,Medium
84,0,32.7,149,141,203,1,0,0,High
83,0,25.9,129,104,258,0,1,1,Medium
51,1,16.0,130,114,165,1,1,0,Low
72,0,19.8,160,102,275,0,1,0,Medium
18,0,28.2,144,107,156,0,1,0,Medium
55,1,28.0,106,80,243,1,0,0,Medium
23,1,30.0,145,127,186,0,2,1,High
42,0,22.4,150,134,169,0,0,0,Medium
34,1,27.9,157,68,258,0,2,0,Medium
78,1,21.6,121,94,208,1,0,1,Medium
29,1,27.9,119,116,207,0,1,0,Low
23,1,26.8,111,94,194,0,0,1,Low
44,0,22.2,134,107,182,0,0,0,Low
25,1,34.6,141,172,198,0,1,0,High
82,0,17.6,119,79,110,0,1,0,Low
74,0,25.8,125,65,131,0,0,0,Low
57,0,22.1,91,94,221,0,1,1,Low
31,0,36.0,155,104,252,0,0,0,High
52,1,29.6,100,98,260,1,1,0,Medium
65,1,23.1,135,124,167,1,2,0,Low
73,1,25.0,132,79,213,1,2,0,Medium
66,0,36.2,129,74,117,0,1,1,Medium
30,0,21.6,129,91,191,0,0,0,Low
78,0,17.3,110,92,238,1,0,1,Medium
66,1,28.0,122,189,204,0,2,1,Medium
63,0,28.1,145,169,192,0,0,0,High
79,1,30.0,151,65,204,1,2,1,High
25,1,30.0,120,65,256,0,1,0,Medium
60,1,35.7,100,112,195,0,2,0,Medium
37,1,17.6,114,182,208,0,1,0,Medium
56,0,20.2,161,138,266,1,1,0,High
66,1,29.9,115,114,196,0,1,1,Low
81,0,20.8,126,99,140,1,2,0,Low
79,1,18.9,153,153,260,0,2,0,High
71,0,36.2,119,121,246,0,1,0,Medium
26,0,18.1,125,176,116,0,1,1,Medium
54,1,24.7,142,65,200,0,1,0,Low
66,1,26.2,159,130,204,0,1,1,High
58,1,33.3,116,95,260,0,2,0,Low
34,0,16.8,153,129,204,1,1,1,High
38,1,28.7,123,124,212,0,1,1,Medium
68,1,21.9,112,133,213,0,1,1,Medium
76,0,29.8,132,149,186,0,1,0,Medium
56,1,21.8,107,164,257,1,2,0,High
72,0,34.7,136,183,173,0,1,1,High
58,1,21.8,185,116,186,0,0,0,Medium
56,0,16.0,148,96,205,1,1,0,Medium
30,0,22.4,126,72,151,0,0,0,Low
81,1,25.1,147,130,276,0,1,0,High
28,0,32.1,111,144,205,0,2,0,Medium
36,1,20.0,114,68,238,0,1,0,Low
28,1,20.1,127,155,167,0,2,0,Low
63,0,31.5,130,111,233,0,0,0,Medium
62,1,19.3,105,71,237,1,2,0,Low
18,0,25.6,122,85,243,0,1,0,Low
57,0,25.7,125,82,281,1,0,1,High
36,0,27.6,156,83,183,0,1,0,Low
78,0,22.6,105,135,198,0,2,0,Low
29,0,21.7,103,145,171,0,0,0,Medium
78,0,28.2,131,174,201,0,1,0,High
50,0,21.8,149,91,232,0,2,0,Low
62,0,19.4,138,127,229,0,0,0,Medium
25,1,32.9,133,92,271,0,1,1,High
42,1,29.0,123,116,225,1,1,0,Medium
63,0,35.7,140,65,205,0,0,1,High
47,1,30.6,143,76,161,1,1,1,High
64,1,19.9,123,143,240,1,0,0,High
66,1,27.0,111,65,199,1,1,0,Low
64,1,21.2,111,137,241,1,0,0,High
35,1,17.9,144,91,188,0,0,1,Low
83,1,24.2,100,65,253,1,1,1,Medium
50,0,31.6,158,65,220,1,1,1,High
53,1,27.9,120,166,245,1,0,0,High
36,1,19.3,134,65,220,0,2,1,Low
45,1,24.0,141,113,168,1,2,1,High
57,1,25.8,116,127,190,1,2,0,Medium
32,0,17.7,120,69,154,1,1,0,Low
58,0,30.2,130,96,212,0,2,0,Low
56,0,25.3,113,132,146,0,2,0,Medium
19,0,19.3,109,125,217,1,1,1,Medium
80,1,19.0,110,99,110,0,0,0,Low
46,0,32.2,150,123,237,0,0,0,High
83,0,24.5,135,111,161,1,1,0,Medium
68,0,32.7,114,81,167,0,2,0,Low
27,0,34.7,144,157,260,0,1,0,High
31,1,31.8,115,122,218,0,1,1,Medium
68,0,23.7,93,65,239,0,0,0,Low
56,1,16.0,141,133,165,0,0,0,High
45,0,28.1,158,93,243,0,1,0,Medium
20,1,37.4,138,105,200,0,2,0,Low
44,1,26.3,94,115,210,0,1,0,Low
19,0,16.2,128,87,265,1,2,0,Low
55,0,23.0,123,178,158,0,0,0,Medium
20,0,25.5,135,65,242,0,1,0,Medium
33,0,20.8,113,117,220,0,1,0,Low
57,1,16.0,122,128,196,1,2,0,Medium
19,1,26.0,102,116,161,1,0,1,Low
58,0,22.4,132,108,196,0,0,0,Low
29,0,35.7,103,102,172,0,0,1,Medium
52,1,27.0,136,87,252,0,2,0,Medium
82,0,28.9,114,86,209,1,0,0,Low
72,1,25.9,88,156,178,0,0,1,Medium
62,0,27.0,142,100,147,0,1,0,Medium
79,1,17.9,137,190,186,0,1,0,Medium
66,1,21.1,152,138,254,1,2,0,High
42,1,32.2,90,65,209,0,2,1,Medium
40,1,27.6,116,146,198,1,1,0,Medium
41,1,24.4,130,113,273,0,2,0,Low
55,0,29.0,138,66,188,1,1,0,Low
45,1,29.1,102,161,173,0,0,1,Medium
38,0,36.9,136,100,221,0,2,0,Medium
71,1,27.3,118,97,222,0,1,0,Low
35,1,21.0,95,128,182,0,1,0,Low
53,0,25.9,114,155,173,0,1,1,Medium
62,0,29.7,137,119,263,0,1,0,Medium
70,0,31.7,95,116,188,0,0,0,Medium
47,0,18.1,139,91,147,0,1,1,Low
77,1,27.8,133,154,213,1,2,0,High
49,0,21.8,123,119,241,0,1,0,Low
84,1,23.6,99,107,197,0,0,1,Medium
84,0,30.9,100,103,226,0,2,1,Medium
45,0,30.4,121,151,163,0,0,0,Medium
61,1,23.0,108,106,230,0,0,0,Low
58,1,25.7,122,151,167,0,0,0,Medium
80,0,23.7,144,98,217,0,0,1,High
40,1,41.5,123,140,236,0,1,1,High
65,1,27.9,123,122,209,1,1,0,Medium
49,1,22.1,123,82,156,0,2,1,Low
74,1,33.4,146,112,157,0,2,1,High
50,1,33.6,151,65,269,0,2,0,Medium
41,1,35.8,136,89,174,1,1,0,High
56,1,37.4,130,65,236,0,1,0,Low
51,1,30.2,132,185,210,1,2,0,High
73,0,24.7,154,65,165,0,1,1,Medium
45,1,25.4,137,206,184,0,1,1,High
54,0,25.0,155,133,273,1,1,0,High
24,1,24.4,120,97,345,1,1,0,Medium
54,1,32.9,104,143,192,0,1,0,Medium
73,1,26.5,116,92,190,0,1,1,Low
82,1,31.6,118,66,139,0,1,0,Low
82,0,30.0,157,118,139,1,1,0,High
64,0,20.8,141,140,171,0,1,0,Medium
37,1,17.6,117,160,187,0,2,0,Low
36,0,20.1,143,132,204,0,2,0,Medium
46,1,24.3,126,96,233,0,0,1,Low
77,1,27.2,157,164,214,0,0,0,High
35,0,23.1,122,156,233,0,1,0,Low
52,0,30.2,100,124,180,0,1,0,Low
60,1,23.8,125,157,202,0,0,0,Medium
28,1,27.8,122,191,190,0,0,0,Low
66,0,27.1,104,96,154,0,2,0,Low
55,1,35.5,139,84,126,0,1,1,Medium
81,0,21.4,154,95,178,0,1,0,Medium
25,1,38.0,108,68,110,0,1,0,Low
51,1,23.4,146,136,160,0,1,0,Medium
65,0,19.5,117,65,227,1,0,1,Medium
73,0,25.4,128,159,212,0,1,0,Medium
82,0,43.3,126,91,206,0,0,1,Medium
48,1,31.2,128,163,252,0,1,0,High
21,1,29.6,137,65,176,0,0,0,Low
67,1,30.6,110,102,232,0,1,0,Medium
47,1,22.5,151,70,173,0,1,1,Low
76,0,28.2,137,162,216,0,1,0,Medium
84,1,26.5,143,174,211,0,0,0,High
62,1,35.9,114,65,213,0,0,0,Medium
21,1,25.9,108,145,190,1,1,0,Medium
43,0,24.5,149,152,218,1,0,0,High
44,1,20.4,107,126,221,1,0,0,Medium
63,1,27.2,131,136,148,0,1,0,Medium
81,0,28.0,146,133,239,1,1,0,High
68,1,20.3,126,145,156,1,0,0,Medium
67,1,28.9,149,77,170,1,1,0,Medium
23,0,27.7,123,157,215,0,2,0,Low
76,1,31.8,105,122,229,1,2,0,Medium
32,1,32.8,135,120,214,0,0,0,Medium
47,1,27.0,132,135,218,0,2,0,Medium
59,0,21.1,176,71,160,0,1,0,Low
54,1,22.2,111,65,184,1,2,0,Low
59,1,35.7,123,111,123,1,1,0,Medium
52,0,27.4,115,169,168,0,1,0,Medium
23,0,35.6,125,74,151,0,1,0,Low
35,1,29.1,125,121,206,0,1,0,Low
46,1,30.4,112,90,299,0,1,0,Medium
76,1,31.4,136,85,235,0,0,0,Medium
64,1,20.1,124,133,115,0,0,0,Medium
34,0,28.1,152,142,144,1,1,0,High
39,1,20.1,116,87,153,0,2,1,Low
54,0,25.0,162,164,135,0,1,0,High
66,0,29.8,133,130,194,1,1,1,High
30,1,21.2,151,107,214,1,1,0,Medium
51,1,29.4,130,127,153,1,0,1,High
70,0,18.7,114,186,196,0,1,0,Low
68,0,32.4,123,141,214,1,1,1,High
20,1,23.0,103,91,233,0,2,0,Low
59,0,21.2,126,114,211,1,0,0,Low
49,1,19.0,131,120,218,0,1,0,Low
68,1,23.5,129,138,204,1,0,1,High
63,0,16.6,152,123,164,0,0,1,High
38,0,23.6,125,181,173,0,1,0,Medium
61,1,32.2,94,107,152,1,1,0,Medium
28,0,25.5,192,65,265,1,0,0,High
18,1,20.4,116,123,146,0,0,0,Low
80,1,27.7,145,100,243,1,1,0,High
41,1,27.2,101,65,147,0,2,1,Low
30,0,36.7,132,90,236,0,0,0,Low
28,1,30.6,114,102,244,0,1,0,Medium
68,1,28.1,88,155,251,0,0,0,High
34,1,31.2,123,65,163,0,2,0,Low
41,1,25.8,127,127,212,1,1,0,High
36,1,26.1,124,193,181,0,2,0,Medium
54,1,35.1,132,109,170,0,0,0,Medium
25,1,18.0,123,108,207,1,1,0,Medium
45,1,31.5,129,140,238,1,1,0,High
22,1,25.9,131,133,181,0,0,0,Medium
34,1,25.0,127,165,218,0,0,1,Medium
53,1,23.6,125,109,169,0,1,0,Low
36,0,27.3,112,140,163,0,1,1,Medium
81,1,26.3,139,140,192,0,0,0,Medium
28,1,24.3,123,103,194,0,1,0,Low
71,1,22.8,121,111,232,1,0,0,Medium
62,0,16.6,137,115,155,0,0,1,Low
64,1,22.7,132,72,291,0,1,1,Medium
29,0,23.8,115,101,133,1,0,0,Low
38,1,27.3,151,167,214,0,1,0,High
28,1,36.7,107,151,194,0,1,1,High
22,0,23.3,109,95,179,1,1,0,Low
73,1,21.2,140,114,198,1,1,0,High
37,0,22.8,160,149,232,0,2,0,High
58,0,27.3,118,131,238,0,1,0,Medium
63,1,29.6,135,143,196,1,1,0,High
29,1,30.3,107,134,218,0,0,0,High
34,1,30.8,111,123,152,0,1,0,Low
36,1,31.5,148,109,198,0,1,0,Medium
43,0,25.0,135,73,221,0,0,0,Low
65,0,37.2,149,139,114,1,1,0,High
69,1,24.7,148,107,208,0,0,0,Medium
72,0,27.1,90,65,198,1,0,0,Medium
50,0,33.2,106,96,256,1,0,1,High
79,1,29.4,133,145,212,1,1,1,High
40,0,16.0,97,65,224,1,1,0,Low
32,0,26.5,109,79,194,1,0,1,Medium
44,1,31.0,154,120,230,0,1,0,High
81,0,19.5,118,164,227,0,0,0,Medium
68,1,30.4,141,150,153,1,0,0,High
70,0,28.5,127,168,217,0,1,1,Medium
68,1,32.7,116,122,252,0,1,1,High
64,0,22.9,98,108,244,0,0,0,Medium
21,0,31.7,132,145,206,0,0,0,High
24,1,27.3,154,84,218,1,2,0,Medium
52,1,35.7,116,81,242,0,0,0,Medium
65,1,41.0,129,75,159,0,0,0,Low
62,1,34.5,101,153,224,1,1,0,High
36,0,29.0,116,86,126,0,1,1,Low
80,0,38.6,134,150,239,1,1,1,High
55,0,29.6,141,120,190,0,2,0,Medium
84,1,21.8,138,154,202,1,0,0,High
76,0,26.3,91,76,183,0,1,1,Medium
30,0,30.5,120,93,203,0,0,1,Medium
64,1,30.8,111,131,215,1,1,0,High
78,1,20.6,122,100,235,0,2,0,Low
48,0,20.8,126,65,257,1,1,1,Medium
39,1,24.7,147,67,207,0,1,1,Medium
60,0,29.3,133,76,139,0,2,0,Low
84,0,29.9,154,79,257,0,0,0,High
71,1,27.2,115,139,146,0,1,0,Medium
27,0,22.2,102,127,188,0,2,0,Low
59,1,35.5,154,121,185,1,1,1,High
81,1,20.9,136,185,205,0,0,0,Medium
38,0,33.3,115,156,154,1,0,1,High
83,0,30.3,136,143,153,0,0,0,High
58,0,33.2,143,65,204,0,0,0,High
41,1,24.2,130,117,173,0,1,0,Low
52,0,25.8,115,125,259,0,0,1,Medium
73,1,26.8,120,100,183,1,0,1,High
47,1,24.0,133,175,164,0,1,0,Medium
74,0,27.7,132,117,272,0,1,0,Medium
64,1,34.7,150,72,224,0,1,1,High
52,0,19.8,123,80,314,0,1,0,Low
36,0,23.1,111,195,128,0,0,1,Medium
25,0,22.5,174,100,213,0,0,0,Medium
43,0,26.0,131,65,224,0,0,0,Low
47,0,25.8,143,94,206,1,1,0,Medium
24,0,30.5,137,65,191,1,0,1,Medium
84,0,26.7,131,147,255,0,1,1,High
82,1,28.1,124,65,224,0,0,0,Low
53,0,28.6,88,66,137,1,2,0,Low
42,1,27.8,109,115,170,1,1,0,Low
54,1,30.2,134,154,158,1,1,0,High
18,1,25.9,88,113,200,1,1,0,Low
32,0,35.1,129,71,243,0,1,1,Medium
54,1,39.7,140,121,190,1,1,0,High
30,1,30.2,143,99,195,1,2,0,High
25,0,27.7,139,155,166,0,1,0,Medium
22,0,29.7,145,145,235,0,2,0,High
77,1,20.8,157,96,254,0,1,0,High
18,0,27.4,148,142,204,0,2,1,High
53,0,22.7,132,124,268,0,0,0,Medium
52,0,29.2,126,163,183,0,0,0,Medium
83,0,22.7,130,141,149,0,1,0,Medium
80,1,24.7,123,134,237,0,0,1,High
40,0,16.8,148,161,201,0,0,0,High
26,0,20.4,138,116,182,1,0,0,Medium
51,0,28.3,121,88,208,0,1,1,Medium
63,1,22.0,152,122,142,1,2,1,High
21,1,32.0,123,103,135,1,1,0,Medium
47,0,21.5,111,136,209,1,2,0,Medium
20,0,28.9,128,117,222,1,1,1,Medium
31,1,22.5,113,129,261,0,0,0,Medium
77,0,28.5,145,73,240,0,0,0,High
62,0,18.5,113,133,230,0,1,0,Low
51,1,24.1,126,70,256,1,0,0,Medium
62,0,22.1,145,149,225,0,0,1,High
78,0,31.1,115,149,191,0,1,0,Medium
33,1,28.9,135,127,241,1,1,0,High
83,1,20.1,110,126,240,1,1,1,High
57,0,25.4,132,107,205,1,2,0,Medium
34,1,22.5,138,94,157,0,1,0,Low
51,0,31.4,127,114,134,0,1,0,Low
33,0,33.1,129,184,239,0,2,0,Medium
77,0,19.0,136,123,224,0,0,0,Medium
83,1,30.8,123,68,230,1,1,0,Medium
83,1,22.2,144,65,240,0,2,0,Medium
30,0,25.2,153,65,169,0,1,0,Low
73,0,26.7,111,102,130,1,1,0,Low
48,1,35.9,160,159,226,0,1,0,High
51,1,21.3,123,79,253,1,1,0,Medium
56,1,30.8,164,165,219,1,0,0,High
84,0,20.4,123,121,146,1,2,0,Low
25,1,20.0,141,132,215,0,2,1,High
72,1,26.6,141,131,160,0,2,1,High
44,0,26.6,121,136,143,1,1,0,Medium
70,0,16.0,129,101,205,1,0,1,Medium
56,0,32.5,154,65,211,0,0,1,High
82,1,16.0,122,94,201,0,2,0,Low
34,0,25.7,120,84,223,0,1,0,Low
47,0,33.4,107,126,173,1,0,1,High
70,0,38.0,156,123,208,0,1,0,High
30,0,24.6,119,105,186,0,1,0,Low
38,1,19.0,150,176,195,0,1,1,High
36,0,33.2,117,93,216,0,1,0,Low
70,1,31.0,149,65,247,1,1,0,High
36,1,24.0,143,119,217,0,2,0,Medium
74,1,23.3,124,157,230,0,0,0,Medium
42,0,22.8,115,125,205,0,0,0,Low
48,1,24.7,116,103,225,0,1,1,Medium
72,0,28.1,116,123,246,0,2,0,Low
40,0,23.6,147,179,280,0,1,0,High
49,0,24.2,131,84,253,0,1,0,Low
79,1,29.8,108,116,203,1,1,0,Medium
27,0,18.8,123,138,251,0,1,1,Medium
71,0,24.5,126,124,227,1,2,0,Low
69,0,17.8,89,106,181,0,2,0,Low
37,1,27.1,124,100,228,0,1,0,Low
49,1,16.4,141,105,160,0,1,0,Medium
31,1,31.1,126,134,228,0,0,0,Medium
67,0,19.7,133,132,275,0,1,0,High
45,1,17.3,137,188,238,0,1,0,Medium
70,0,24.6,122,65,253,0,1,0,Low
41,0,35.4,141,177,190,0,0,1,High
39,1,30.2,154,108,224,0,2,0,Medium
47,0,16.5,101,112,233,0,1,0,Low
80,1,19.5,122,145,193,0,1,1,Medium
21,0,24.4,170,145,232,1,0,1,High
76,1,38.1,131,155,223,0,1,0,High
25,0,21.6,127,163,233,1,2,1,High
29,0,21.7,123,114,164,0,1,1,Low
48,0,34.4,151,164,256,1,1,0,High
51,0,27.5,111,93,223,0,0,0,Low
66,0,32.0,145,104,200,1,1,0,High
74,1,22.7,123,109,201,0,2,0,Low
43,0,26.0,115,97,203,0,1,0,Low
35,1,33.3,124,117,172,0,2,0,Low
55,1,25.7,127,146,253,0,2,1,High
67,1,32.3,119,138,244,1,2,0,High
25,0,28.5,148,94,246,0,2,0,Medium
58,0,21.1,115,91,266,0,0,0,Low
23,0,26.4,131,85,213,0,2,0,Low
61,1,31.6,138,118,139,0,0,1,High
81,0,30.0,130,65,230,0,0,0,Medium
46,0,26.3,142,84,229,0,0,0,Medium
45,1,16.7,120,99,267,0,0,0,Low
28,1,17.2,139,152,248,0,1,1,High
82,1,18.3,140,110,210,0,1,0,Medium
36,1,23.8,145,150,199,0,0,0,Medium
26,1,24.5,94,122,245,0,1,0,Low
44,1,18.8,137,98,110,0,1,1,Low
51,0,31.8,144,100,215,0,1,0,High
61,1,19.9,121,74,243,1,0,1,High
32,0,19.4,118,199,200,1,0,0,Medium
68,0,27.0,115,154,190,1,0,0,High
30,0,31.6,109,136,217,0,0,0,High
66,1,37.2,140,69,259,1,1,0,High
73,0,29.5,169,99,223,0,1,1,Medium
68,1,34.7,118,81,178,0,0,1,Medium
54,1,20.2,120,119,254,0,1,1,Medium
34,0,37.7,128,83,261,1,1,0,High
75,1,16.8,99,92,173,1,2,1,Low
46,0,23.9,115,83,317,0,0,0,Low
50,0,29.4,127,107,205,0,2,1,Low
77,1,18.2,112,117,243,0,1,1,Medium
72,0,21.7,150,108,234,1,0,0,Medium
27,0,20.9,105,169,177,1,2,1,Medium
64,0,24.9,144,143,187,0,1,0,Medium
40,1,33.9,154,88,208,0,1,0,Medium
38,0,26.6,135,126,130,0,1,0,Medium
30,1,24.1,126,90,238,1,1,0,Low
50,1,16.0,132,101,129,1,0,0,Low
41,0,28.9,120,132,206,0,0,1,High
28,0,30.6,91,138,178,0,2,0,Medium
34,1,17.7,110,94,228,1,2,0,Low
64,1,26.2,128,76,117,0,0,0,Low
42,0,27.5,111,118,139,1,1,0,Medium
38,0,31.5,121,130,181,0,1,0,Medium
29,1,22.7,137,93,226,1,0,0,Low
54,1,21.9,131,144,214,1,1,0,High
59,1,24.1,147,137,247,0,1,0,High
34,1,33.2,133,92,209,1,1,1,High
65,1,31.9,134,155,204,0,2,0,High
45,0,26.4,115,156,162,1,0,0,High
58,1,31.8,104,187,196,1,1,1,High
64,1,16.0,121,175,204,0,1,1,Medium
35,0,30.6,115,83,123,0,1,0,Low
30,0,20.7,125,147,169,0,0,0,Medium
30,1,35.7,109,146,224,1,1,1,High
48,1,21.0,143,103,212,1,2,1,High
19,0,22.1,115,131,195,0,0,1,Medium
33,1,29.4,121,65,181,1,1,0,Low
26,1,29.9,128,65,135,0,2,0,Low
55,0,24.2,148,65,118,0,0,0,Medium
71,1,28.4,160,129,193,0,2,0,High
73,0,29.1,161,130,265,0,0,0,High
62,0,28.5,105,105,206,0,0,0,Low
51,0,24.4,121,175,246,0,0,0,Medium
26,0,29.1,118,150,158,0,0,1,Medium
25,1,33.8,135,65,216,1,0,0,Medium
24,0,20.1,134,109,177,0,1,0,Low
53,1,22.1,118,82,175,0,0,1,Low
35,1,26.6,116,129,235,0,2,0,Low
20,1,21.0,110,114,200,1,1,0,Low
45,1,17.1,88,84,150,0,1,0,Low
61,1,32.2,105,174,209,1,1,0,High
38,0,16.0,144,117,176,1,1,0,Medium
45,0,24.4,154,100,147,0,1,1,Medium
71,0,30.4,152,106,165,0,0,0,High
71,0,27.9,144,172,287,1,2,1,High
82,1,24.5,110,147,253,1,1,0,High
38,0,20.8,107,109,124,0,0,0,Low
30,1,28.3,95,80,197,0,1,1,Low
74,1,21.4,118,86,200,1,1,0,Low
66,0,27.9,130,98,194,1,0,0,Medium
71,0,27.2,110,133,178,1,2,0,Medium
27,0,27.3,136,141,235,0,1,0,Medium
70,0,23.2,140,90,243,0,1,0,Medium
61,1,37.1,119,143,247,0,1,1,High
64,1,28.4,104,83,218,0,2,0,Low
70,0,25.1,153,94,229,1,0,1,High
63,1,27.9,129,65,191,0,1,0,Low
30,1,22.5,163,65,142,0,0,0,Medium
54,1,24.5,130,83,141,0,1,0,Low
41,0,38.9,131,114,171,1,0,0,Medium
19,1,22.5,111,80,197,0,0,0,Low
31,0,26.1,120,167,154,0,2,1,Medium
27,0,24.1,100,82,160,0,1,0,Low
52,1,21.1,104,121,190,0,0,0,Low
42,1,28.7,141,161,240,1,1,1,High
20,0,26.7,123,118,218,1,1,0,Low
34,1,31.2,120,102,170,0,0,0,Low
29,1,30.7,115,120,207,1,0,0,Medium
71,0,31.2,121,95,152,0,2,0,Low
41,0,21.7,148,80,170,1,1,0,Medium
46,0,29.8,131,136,139,0,1,0,Medium
60,0,30.0,107,95,222,1,2,0,Medium
42,1,21.2,147,148,194,0,1,1,High
77,1,24.8,159,143,199,0,0,1,High
82,0,18.9,137,121,237,0,0,1,Medium
45,0,30.0,144,149,165,0,1,0,High
33,0,30.0,150,96,224,1,2,0,High
64,1,33.9,98,142,284,0,0,0,High
75,0,25.3,162,142,166,0,0,0,High
44,1,28.8,148,104,142,0,2,0,Medium
70,0,31.6,137,100,155,0,0,0,Medium
59,0,22.6,126,127,221,1,1,0,Medium
76,0,21.8,104,184,275,0,0,1,High
64,1,22.7,122,107,273,0,1,0,Medium
51,1,24.7,136,99,239,1,1,1,Medium
54,1,22.0,108,156,240,0,0,1,High
23,0,23.0,127,117,224,0,1,0,Low
24,1,31.1,107,145,234,1,1,0,High
42,1,26.0,121,167,217,0,1,0,Medium
50,0,28.1,104,65,173,0,1,1,Low
72,0,23.6,102,114,274,1,1,0,Medium
75,1,23.3,134,107,258,0,1,0,Medium
24,1,28.0,118,81,174,1,1,0,Low
74,1,27.2,119,65,231,0,1,0,Low
29,1,30.5,117,65,263,0,1,1,Medium
33,0,33.3,177,119,222,1,1,0,High
60,0,22.9,139,96,197,1,0,0,Low
24,0,31.0,141,87,262,1,0,0,High
68,1,20.9,114,118,215,1,0,1,Medium
49,1,37.3,137,91,180,0,2,0,Low
25,0,22.4,124,160,159,0,1,1,Medium
62,0,30.1,114,93,110,0,1,1,Medium
76,1,20.8,163,168,284,0,0,1,High
21,1,25.7,138,114,172,0,0,0,Low
84,0,34.5,137,92,244,1,2,0,High
46,0,22.2,111,90,168,0,2,0,Low
46,0,38.0,105,168,212,1,0,0,High
45,1,26.5,127,139,223,1,1,0,Medium
61,1,31.6,118,88,155,0,1,0,Low
21,1,28.6,139,119,243,0,0,0,Medium
26,1,28.9,140,65,197,0,1,0,Low
22,1,19.1,129,68,227,0,1,0,Low
73,1,24.0,143,89,263,1,1,0,High
67,0,32.7,131,88,235,0,0,1,High
32,0,24.7,112,157,201,1,0,0,High
49,1,27.2,124,65,283,0,0,1,Medium
45,0,18.5,130,65,203,0,0,0,Low
39,1,23.7,145,131,209,1,1,1,High
34,0,32.3,132,123,198,0,0,1,Medium
76,1,19.8,118,103,156,0,1,0,Low
74,0,30.2,145,187,152,0,1,0,High
43,0,27.4,135,137,183,0,1,0,Medium
42,1,25.3,156,158,164,0,1,0,High
27,1,25.0,130,113,194,1,1,1,Medium
62,0,23.9,109,96,238,0,0,0,Low
28,0,24.4,149,96,189,0,0,0,Medium
70,1,31.3,118,147,214,0,0,0,High
45,0,24.3,133,142,185,0,0,1,Medium
82,1,35.9,131,107,307,0,0,0,High
66,1,28.1,129,132,265,0,0,1,High
64,0,23.5,125,149,195,0,1,0,Medium
69,1,31.6,98,95,216,0,2,0,Low
71,0,29.7,110,103,151,0,0,0,Low
77,0,17.9,148,131,196,1,2,0,High
74,1,21.1,136,65,181,0,0,1,Low
64,0,25.9,162,131,235,1,1,1,High
48,1,18.3,109,76,168,0,1,0,Low
63,1,37.4,127,148,271,0,2,0,Medium
43,1,30.8,149,190,202,0,0,0,High
22,0,26.4,118,91,170,0,0,0,Low
69,1,24.7,119,68,206,0,0,0,Low
71,0,23.4,123,109,234,1,1,0,Medium
50,1,16.3,120,106,226,0,2,1,Low
67,1,17.5,138,138,211,1,1,1,High
55,1,36.4,96,123,240,0,1,0,Medium
44,0,34.7,158,105,238,0,1,1,High
32,0,23.5,111,118,238,0,2,0,Low
78,1,31.2,90,76,194,0,1,0,Low
38,1,29.1,128,144,194,1,0,0,Medium
63,0,29.7,121,172,197,1,2,1,High
23,0,19.1,125,73,185,1,0,1,Low
55,0,17.1,134,65,209,0,0,1,Medium
79,1,32.6,140,101,205,0,0,1,High
79,0,16.2,158,72,271,1,1,0,High
63,1,25.7,116,70,185,0,1,0,Low
30,0,24.6,142,66,166,1,0,0,Medium
20,1,24.1,141,108,231,0,1,1,Medium
23,1,28.1,88,101,208,1,1,1,Medium
25,1,23.0,113,128,178,1,2,0,Low
61,0,28.6,105,95,236,1,1,1,Medium
50,0,27.2,136,72,194,0,1,0,Low
67,0,37.4,134,114,266,0,1,0,High
28,1,19.3,134,78,167,0,0,0,Low
45,1,26.7,122,133,182,0,0,1,Medium
58,0,28.7,124,65,210,1,1,0,Low
33,1,25.2,127,65,259,0,0,1,Medium
65,1,19.5,121,65,176,0,0,0,Low
73,1,33.0,142,100,220,0,1,0,High
81,0,28.3,109,105,158,1,0,0,Medium
76,1,19.9,114,120,242,0,0,1,Medium
79,0,28.8,130,95,179,0,1,0,Low
28,0,35.3,121,85,230,0,1,1,Low
35,0,26.3,108,165,232,0,2,0,Low
36,0,26.5,138,156,132,1,1,0,High
72,0,34.7,118,150,213,0,1,1,High
43,1,21.5,113,126,185,0,1,0,Low
23,0,35.5,125,129,225,0,0,1,High
21,0,31.6,112,87,170,0,0,0,Low
46,0,21.7,127,120,182,0,1,0,Low
