age,symptomSeverity,existingConditionsCount,painLevel,emergencyIndicator,priorAdmissions,priority
56,3,4,9,0,0,HIGH
19,3,2,1,0,3,HIGH
76,5,1,4,0,1,HIGH
65,1,1,1,0,1,LOW
25,4,2,1,0,0,HIGH
87,2,1,8,0,0,HIGH
79,2,0,2,0,0,MEDIUM
79,1,0,1,0,0,LOW
28,3,2,8,0,0,HIGH
7,1,0,4,0,2,LOW
26,2,2,3,0,1,MEDIUM
57,1,0,4,0,0,LOW
6,4,1,5,0,1,HIGH
34,3,0,1,0,3,MEDIUM
42,3,0,1,0,1,MEDIUM
6,2,3,3,0,1,MEDIUM
68,1,3,6,0,3,HIGH
64,3,1,1,0,1,MEDIUM
25,2,1,2,0,0,LOW
37,1,1,7,0,0,LOW
80,3,1,1,1,3,HIGH
62,5,1,7,0,0,HIGH
26,3,0,4,0,0,MEDIUM
53,3,1,10,0,0,HIGH
63,5,2,6,0,1,HIGH
46,1,4,8,0,3,HIGH
64,3,0,9,0,0,HIGH
84,5,2,6,0,0,HIGH
19,1,1,9,0,2,MEDIUM
66,3,1,4,0,0,MEDIUM
66,3,0,6,0,0,HIGH
51,3,1,8,0,3,HIGH
66,3,0,9,0,0,HIGH
55,5,0,3,0,0,HIGH
59,3,2,2,0,1,HIGH
68,1,2,6,1,0,HIGH
7,4,1,4,0,2,HIGH
55,1,3,1,0,0,LOW
11,2,0,8,1,0,HIGH
25,2,0,9,0,0,MEDIUM
77,2,1,9,0,0,MEDIUM
43,2,0,2,0,2,MEDIUM
22,5,0,9,0,1,HIGH
8,3,0,7,0,2,MEDIUM
64,3,0,5,0,0,LOW
18,1,2,7,0,1,LOW
13,4,0,9,0,0,HIGH
57,4,1,8,0,2,HIGH
6,3,0,6,0,1,HIGH
64,1,1,4,0,0,LOW
75,1,0,1,0,0,LOW
48,1,2,6,0,0,LOW
12,1,1,3,0,1,MEDIUM
51,2,0,6,0,3,MEDIUM
39,5,1,6,0,0,HIGH
82,2,0,4,0,0,MEDIUM
85,1,1,2,0,0,LOW
40,2,0,9,0,1,MEDIUM
54,1,3,2,0,0,MEDIUM
8,1,0,3,0,0,LOW
6,2,1,10,0,0,MEDIUM
10,2,0,1,0,1,MEDIUM
58,3,0,7,0,0,MEDIUM
8,5,1,1,0,1,HIGH
58,2,3,9,1,0,HIGH
67,2,0,1,0,0,MEDIUM
22,4,0,5,0,0,MEDIUM
48,2,0,7,0,0,MEDIUM
38,1,0,3,0,0,LOW
78,4,0,9,0,0,HIGH
66,1,1,8,0,1,MEDIUM
18,3,0,3,0,0,MEDIUM
52,3,0,5,0,0,MEDIUM
19,2,2,7,1,2,HIGH
76,2,0,4,1,1,HIGH
82,3,0,5,0,1,HIGH
66,1,0,3,0,2,MEDIUM
44,1,1,9,0,0,MEDIUM
84,3,0,10,1,1,HIGH
86,2,1,9,0,0,MEDIUM
57,1,0,7,0,0,LOW
28,4,1,10,1,0,HIGH
30,2,0,2,0,0,LOW
64,4,1,7,0,0,HIGH
45,3,2,7,0,0,MEDIUM
33,3,1,5,1,0,HIGH
19,2,0,9,0,0,MEDIUM
49,5,0,3,0,0,HIGH
69,1,0,4,0,0,LOW
75,3,0,1,0,0,MEDIUM
13,1,0,6,0,0,LOW
5,2,2,4,0,1,MEDIUM
12,2,0,1,1,0,HIGH
67,5,1,2,0,2,HIGH
15,5,1,3,0,2,HIGH
85,1,1,9,0,0,MEDIUM
12,1,0,8,0,1,MEDIUM
39,3,2,7,0,0,MEDIUM
39,2,0,4,0,0,LOW
37,1,2,1,0,2,MEDIUM
9,3,2,8,0,0,HIGH
45,2,2,4,0,3,MEDIUM
32,5,1,3,0,1,HIGH
11,1,0,9,1,0,HIGH
77,2,0,10,0,0,MEDIUM
76,2,1,4,0,0,LOW
16,3,0,4,0,0,LOW
38,2,2,9,0,0,HIGH
37,3,0,2,0,1,MEDIUM
52,1,0,5,0,0,LOW
27,4,0,4,0,0,MEDIUM
66,2,0,9,0,0,MEDIUM
41,1,1,5,0,2,MEDIUM
48,3,2,9,0,0,HIGH
39,1,1,9,0,0,MEDIUM
69,1,2,2,0,3,MEDIUM
51,4,3,9,0,0,HIGH
82,2,2,3,0,0,MEDIUM
7,3,0,4,0,2,MEDIUM
5,2,2,1,0,1,MEDIUM
9,3,0,1,0,0,MEDIUM
18,1,0,1,1,0,MEDIUM
31,2,1,9,0,1,MEDIUM
13,5,0,8,0,0,HIGH
83,3,0,5,0,2,HIGH
19,2,0,5,0,0,LOW
46,2,0,9,0,0,MEDIUM
81,4,3,3,0,0,HIGH
55,2,0,3,0,1,LOW
67,3,0,7,0,2,HIGH
56,3,1,9,1,1,HIGH
8,1,0,6,0,2,MEDIUM
27,1,3,2,0,0,MEDIUM
19,3,0,1,0,0,MEDIUM
47,1,1,2,0,2,LOW
33,2,1,1,0,2,MEDIUM
40,5,3,10,0,2,HIGH
17,3,1,10,0,1,HIGH
36,3,2,9,0,0,HIGH
75,3,0,10,0,0,HIGH
63,3,0,8,0,2,HIGH
32,1,0,7,0,0,LOW
70,2,3,3,0,0,MEDIUM
46,2,0,8,0,1,MEDIUM
49,2,0,2,0,0,LOW
66,3,0,2,0,2,HIGH
61,2,0,10,0,0,MEDIUM
10,2,0,3,1,1,HIGH
32,2,4,7,1,1,HIGH
32,1,1,1,1,1,MEDIUM
48,2,1,8,0,0,MEDIUM
34,1,2,7,0,0,MEDIUM
66,1,0,4,0,0,LOW
79,1,0,5,1,0,HIGH
66,2,0,10,0,1,HIGH
5,3,0,1,0,0,MEDIUM
31,2,1,4,0,0,LOW
66,2,0,1,0,0,LOW
81,3,0,1,0,1,MEDIUM
7,1,1,10,0,0,MEDIUM
74,4,3,1,0,2,HIGH
76,2,2,7,0,1,HIGH
31,2,2,7,0,1,MEDIUM
13,3,2,4,0,2,HIGH
66,1,0,2,1,0,MEDIUM
41,3,2,3,0,2,HIGH
55,2,0,8,0,0,MEDIUM
48,4,1,8,0,2,HIGH
28,1,1,6,0,2,MEDIUM
83,2,0,10,0,0,HIGH
63,3,2,9,0,0,HIGH
36,1,3,9,0,0,MEDIUM
56,2,0,4,0,1,LOW
66,3,2,1,0,0,MEDIUM
62,4,0,1,0,0,MEDIUM
56,2,1,10,0,0,MEDIUM
16,3,1,5,0,0,MEDIUM
43,5,1,2,0,3,HIGH
6,4,3,6,0,1,HIGH
7,1,2,7,0,0,MEDIUM
60,3,2,1,0,0,MEDIUM
85,2,0,6,0,0,MEDIUM
63,5,3,8,0,0,HIGH
6,2,0,5,0,2,MEDIUM
6,1,2,7,0,0,MEDIUM
58,3,0,10,0,0,MEDIUM
5,2,0,6,1,2,HIGH
23,5,1,4,0,2,HIGH
6,5,0,7,0,0,HIGH
57,3,0,10,0,0,HIGH
48,1,0,9,0,0,MEDIUM
36,3,0,10,0,1,HIGH
74,1,0,10,0,3,HIGH
36,1,0,7,0,0,LOW
72,4,1,5,0,0,HIGH
59,1,0,7,0,2,MEDIUM
79,2,1,3,0,1,MEDIUM
60,5,0,2,0,3,HIGH
21,2,3,5,0,0,MEDIUM
42,2,2,4,0,0,MEDIUM
28,4,0,5,0,0,HIGH
73,1,2,8,0,0,MEDIUM
74,3,2,4,1,1,HIGH
15,5,4,9,0,0,HIGH
20,4,1,7,0,0,MEDIUM
77,3,0,10,0,2,HIGH
63,2,1,7,0,0,MEDIUM
74,2,1,8,0,1,HIGH
84,4,1,6,0,0,HIGH
7,4,0,8,0,2,HIGH
24,2,2,3,1,0,HIGH
63,1,3,10,0,1,MEDIUM
40,1,0,10,0,0,MEDIUM
23,1,0,1,1,0,MEDIUM
71,3,0,6,0,1,HIGH
23,2,2,1,0,0,LOW
24,4,1,9,0,0,HIGH
75,3,1,2,0,2,HIGH
56,1,1,2,0,2,MEDIUM
37,3,1,7,0,0,MEDIUM
44,2,0,2,0,0,LOW
43,3,1,10,0,0,HIGH
86,3,2,8,0,0,HIGH
5,4,4,6,0,3,HIGH
15,4,3,7,0,1,HIGH
61,2,3,7,0,0,MEDIUM
54,1,1,6,0,3,MEDIUM
27,3,1,10,0,1,HIGH
35,1,2,9,0,1,MEDIUM
46,2,3,9,0,0,HIGH
11,1,0,7,0,0,LOW
20,3,0,9,0,1,HIGH
64,1,0,10,1,0,HIGH
6,3,1,3,0,0,MEDIUM
5,5,0,3,0,0,HIGH
52,1,0,1,0,0,LOW
16,1,0,5,0,0,LOW
73,2,0,4,0,1,MEDIUM
41,4,2,2,0,0,HIGH
36,1,0,9,0,0,MEDIUM
13,2,1,3,0,1,MEDIUM
23,1,1,8,0,0,MEDIUM
52,3,2,6,0,0,MEDIUM
84,2,0,5,0,1,MEDIUM
7,3,4,1,0,0,HIGH
24,4,1,4,0,1,MEDIUM
28,1,4,3,0,1,MEDIUM
58,4,3,1,0,0,HIGH
37,1,0,5,0,0,LOW
28,4,0,6,0,3,HIGH
79,3,0,2,0,0,MEDIUM
76,4,1,3,0,2,HIGH
40,1,0,6,0,1,LOW
42,1,0,4,0,0,LOW
29,2,1,9,0,0,MEDIUM
22,2,0,5,0,0,LOW
86,1,0,4,0,0,LOW
70,2,1,2,0,1,MEDIUM
58,1,0,6,0,2,MEDIUM
39,2,0,10,0,2,HIGH
84,4,1,2,0,0,HIGH
65,2,1,7,0,2,HIGH
45,1,2,3,0,2,MEDIUM
37,2,1,9,0,2,HIGH
72,1,1,5,0,0,MEDIUM
37,5,1,8,0,1,HIGH
18,1,2,6,0,1,MEDIUM
25,3,3,10,0,0,HIGH
52,5,2,8,0,3,HIGH
24,4,1,3,0,0,MEDIUM
12,3,0,3,0,0,MEDIUM
11,4,0,5,0,2,HIGH
71,5,0,10,0,0,HIGH
21,3,3,3,0,2,HIGH
37,3,1,8,0,1,HIGH
52,3,2,10,0,0,HIGH
80,2,0,8,0,0,MEDIUM
63,3,2,2,0,1,HIGH
26,2,0,4,0,1,LOW
34,1,0,10,0,2,MEDIUM
42,1,0,1,0,2,LOW
55,1,1,4,0,0,LOW
58,2,1,4,1,0,HIGH
12,1,2,10,0,3,HIGH
31,3,0,9,0,0,HIGH
31,2,1,3,0,0,MEDIUM
25,4,1,2,0,2,HIGH
34,1,0,9,0,2,MEDIUM
32,1,2,9,0,1,MEDIUM
68,3,2,1,0,0,HIGH
73,3,2,6,0,1,HIGH
65,1,2,10,0,1,HIGH
52,4,2,8,1,2,HIGH
23,4,0,3,0,3,HIGH
8,2,2,9,0,0,HIGH
39,2,0,2,0,1,LOW
68,5,0,6,0,3,HIGH
53,3,0,1,0,0,MEDIUM
21,2,2,7,0,0,MEDIUM
48,4,2,3,0,2,HIGH
34,2,0,7,1,0,HIGH
50,2,2,4,0,0,MEDIUM
10,2,3,9,0,0,HIGH
41,3,0,5,1,0,HIGH
28,3,0,3,1,0,HIGH
50,3,2,8,0,0,HIGH
57,2,0,6,0,3,MEDIUM
64,1,1,2,0,1,LOW
67,2,0,3,1,1,HIGH
36,3,1,8,0,0,HIGH
37,2,2,10,0,1,HIGH
71,1,1,7,0,1,MEDIUM
22,4,2,10,0,1,HIGH
29,1,2,6,0,0,LOW
58,5,2,1,0,0,HIGH
62,1,1,9,1,2,HIGH
71,3,0,3,0,1,MEDIUM
50,1,1,5,0,1,MEDIUM
28,4,0,7,0,1,HIGH
36,2,2,7,0,0,MEDIUM
51,1,0,3,0,1,LOW
27,2,1,4,0,0,LOW
70,1,0,10,0,1,MEDIUM
31,1,2,7,0,3,MEDIUM
6,5,3,8,0,1,HIGH
21,2,0,2,0,0,LOW
37,3,2,9,0,0,HIGH
13,3,0,7,0,1,MEDIUM
47,3,1,8,0,2,HIGH
52,1,2,6,0,1,MEDIUM
43,1,0,6,0,0,LOW
46,3,3,9,0,0,HIGH
30,5,0,4,1,1,HIGH
54,2,0,5,0,1,MEDIUM
29,2,3,9,0,3,HIGH
28,2,0,1,0,0,LOW
17,5,4,4,0,1,HIGH
64,2,3,7,0,0,MEDIUM
11,2,0,9,1,1,HIGH
61,4,1,10,0,2,HIGH
40,1,0,6,0,0,LOW
49,1,1,8,0,0,MEDIUM
24,3,0,9,1,1,HIGH
69,4,0,10,0,1,HIGH
12,1,0,4,0,0,LOW
20,2,1,1,0,0,LOW
18,2,4,8,0,1,HIGH
80,2,2,2,1,2,HIGH
19,3,2,1,0,0,MEDIUM
70,2,1,7,0,2,HIGH
36,2,2,10,1,0,HIGH
67,2,0,9,0,0,MEDIUM
55,3,2,9,0,0,HIGH
29,2,4,3,1,2,HIGH
62,4,0,6,0,0,MEDIUM
67,1,1,7,0,1,MEDIUM
66,4,2,10,1,0,HIGH
26,4,3,9,0,3,HIGH
62,2,2,2,0,2,MEDIUM
62,2,0,8,0,1,MEDIUM
53,2,0,7,0,2,MEDIUM
56,1,0,4,0,1,LOW
46,2,2,2,0,2,MEDIUM
74,1,0,8,0,0,MEDIUM
19,2,2,5,0,0,MEDIUM
58,4,0,6,0,1,HIGH
64,2,0,7,1,0,HIGH
12,4,1,10,0,0,HIGH
57,2,2,1,0,0,MEDIUM
64,4,0,8,0,0,HIGH
9,3,1,4,0,1,MEDIUM
72,1,1,9,0,0,MEDIUM
10,3,0,1,0,3,HIGH
51,1,0,2,0,2,LOW
59,2,2,6,0,2,HIGH
44,5,1,10,0,0,HIGH
56,1,0,1,0,0,LOW
20,2,2,4,0,3,MEDIUM
17,3,4,8,0,2,HIGH
34,4,1,10,0,1,HIGH
23,3,1,5,0,0,MEDIUM
21,2,2,9,0,1,HIGH
67,3,3,6,0,1,HIGH
23,2,2,1,0,0,MEDIUM
62,3,1,6,0,1,HIGH
59,5,1,6,0,2,HIGH
66,3,2,6,0,1,HIGH
27,4,0,8,0,0,HIGH
13,1,1,6,0,1,LOW
16,3,2,5,0,3,HIGH
5,4,1,2,0,1,HIGH
62,1,1,4,0,1,LOW
5,4,1,10,0,1,HIGH
38,2,0,5,0,1,MEDIUM
52,3,1,10,0,1,HIGH
5,4,2,4,0,0,HIGH
20,3,0,2,0,0,MEDIUM
65,1,0,7,0,0,LOW
68,3,3,10,0,0,HIGH
67,2,0,10,0,0,MEDIUM
73,4,0,2,0,0,MEDIUM
26,2,4,1,0,2,HIGH
71,2,2,5,1,0,HIGH
80,3,1,1,0,0,MEDIUM
30,2,2,1,0,0,MEDIUM
20,3,0,1,0,1,MEDIUM
55,3,2,6,1,0,HIGH
61,4,1,9,0,0,HIGH
33,3,2,10,0,0,HIGH
82,2,1,1,0,2,MEDIUM
73,1,1,5,0,3,MEDIUM
51,1,1,9,0,3,MEDIUM
66,1,1,9,0,0,MEDIUM
73,1,2,1,0,1,MEDIUM
80,3,1,8,0,1,HIGH
20,3,1,1,0,0,MEDIUM
52,2,1,8,0,0,MEDIUM
43,4,1,1,0,0,MEDIUM
37,5,2,5,0,1,HIGH
27,4,2,8,0,0,HIGH
14,3,1,6,0,0,HIGH
73,2,3,9,0,0,HIGH
38,2,2,1,0,1,MEDIUM
56,1,1,9,0,2,MEDIUM
14,2,1,1,0,1,MEDIUM
23,4,3,10,0,1,HIGH
62,4,1,10,0,0,HIGH
5,1,2,3,0,0,LOW
73,2,1,1,0,0,MEDIUM
8,4,1,3,0,3,HIGH
20,1,0,2,0,3,LOW
28,2,1,2,0,1,MEDIUM
84,4,4,9,0,0,HIGH
6,2,1,8,0,0,HIGH
36,1,1,1,0,0,LOW
28,2,3,4,0,2,HIGH
16,4,1,1,0,1,HIGH
54,3,1,1,0,2,MEDIUM
39,1,2,4,0,1,LOW
37,2,2,2,1,0,HIGH
37,2,0,3,0,0,LOW
65,3,1,9,0,0,HIGH
55,3,1,2,0,1,MEDIUM
47,1,0,4,0,0,LOW
16,4,1,1,0,1,HIGH
71,1,1,2,0,1,MEDIUM
69,2,0,5,0,0,MEDIUM
37,1,1,10,0,0,MEDIUM
44,2,0,1,1,0,HIGH
78,2,1,7,0,1,MEDIUM
47,2,2,4,1,0,HIGH
48,1,2,6,0,0,LOW
33,3,0,8,0,2,HIGH
17,1,0,6,0,1,LOW
16,3,0,2,0,0,MEDIUM
50,5,1,1,1,1,HIGH
6,2,0,8,0,2,HIGH
39,2,1,8,0,1,HIGH
85,2,0,9,1,0,HIGH
12,1,2,6,0,0,MEDIUM
30,2,0,1,0,1,MEDIUM
78,3,0,9,0,0,HIGH
38,3,2,3,0,1,MEDIUM
11,1,0,6,0,2,LOW
72,4,0,10,0,2,HIGH
62,2,1,10,0,0,MEDIUM
79,4,1,9,0,0,HIGH
33,3,2,3,0,0,MEDIUM
40,3,0,5,1,1,HIGH
25,1,1,5,0,0,LOW
40,1,0,10,0,0,LOW
14,5,0,7,0,0,HIGH
77,1,2,4,0,0,MEDIUM
28,5,2,4,0,0,HIGH
68,2,0,7,0,0,MEDIUM
53,1,1,9,1,1,HIGH
40,1,0,4,0,0,LOW
86,1,3,4,0,0,MEDIUM
28,5,0,6,0,2,HIGH
27,2,0,6,0,2,MEDIUM
66,2,1,7,0,0,MEDIUM
41,2,1,1,0,0,MEDIUM
16,1,1,3,0,1,LOW
59,2,0,9,1,0,HIGH
17,1,0,6,0,0,LOW
27,4,1,6,0,0,HIGH
34,2,0,5,0,0,LOW
21,2,2,3,0,1,MEDIUM
66,2,0,5,0,2,MEDIUM
17,2,1,1,0,1,MEDIUM
63,5,1,3,0,0,HIGH
23,2,0,4,0,0,LOW
53,1,1,5,0,1,LOW
16,3,2,10,0,0,HIGH
65,1,0,9,0,0,MEDIUM
23,1,3,4,0,1,MEDIUM
80,5,1,3,0,2,HIGH
13,3,0,10,0,0,MEDIUM
75,5,1,1,0,2,HIGH
32,2,0,10,0,0,MEDIUM
82,2,2,6,0,0,MEDIUM
56,1,2,7,0,0,LOW
87,1,2,10,0,1,HIGH
20,4,4,8,0,2,HIGH
73,2,2,1,0,1,MEDIUM
16,4,1,4,0,0,MEDIUM
29,3,0,5,0,0,MEDIUM
56,1,1,2,0,1,LOW
57,2,0,1,0,0,LOW
27,3,2,8,0,0,HIGH
20,1,1,6,0,3,MEDIUM
61,4,0,5,0,1,HIGH
43,2,0,9,0,0,MEDIUM
57,1,0,2,0,0,LOW
46,3,1,10,0,0,HIGH
62,5,1,8,0,1,HIGH
43,1,1,10,0,2,MEDIUM
18,4,1,9,0,1,HIGH
9,1,1,1,0,0,LOW
39,3,0,7,0,0,MEDIUM
79,3,0,8,0,3,HIGH
22,2,1,3,0,3,MEDIUM
80,2,1,4,0,0,MEDIUM
13,3,0,3,0,0,MEDIUM
78,2,0,7,0,0,MEDIUM
62,3,0,9,0,2,HIGH
21,1,1,3,1,1,HIGH
11,4,0,6,1,1,HIGH
50,3,1,8,0,0,HIGH
17,4,2,6,1,0,HIGH
44,1,0,2,0,0,LOW
46,3,4,7,0,2,HIGH
13,3,1,2,0,0,MEDIUM
54,2,1,2,0,1,MEDIUM
31,2,1,2,0,0,LOW
70,1,1,1,1,2,HIGH
9,3,1,1,0,2,MEDIUM
33,2,1,7,0,0,MEDIUM
41,1,0,5,0,2,LOW
42,3,0,3,0,0,MEDIUM
87,2,0,1,0,0,MEDIUM
12,1,0,10,0,0,MEDIUM
69,5,0,6,0,2,HIGH
21,5,0,1,0,2,HIGH
75,2,2,9,0,0,HIGH
49,1,2,2,0,1,LOW
8,3,3,1,1,1,HIGH
40,2,1,7,0,2,MEDIUM
74,2,2,6,0,0,MEDIUM
35,2,2,6,0,0,MEDIUM
23,2,1,5,0,1,MEDIUM
65,3,0,4,1,0,HIGH
58,2,3,4,0,0,MEDIUM
43,3,1,3,0,1,MEDIUM
78,4,1,10,0,0,HIGH
23,2,0,8,1,3,HIGH
43,3,0,7,0,0,MEDIUM
71,4,2,9,0,3,HIGH
49,2,1,1,0,0,MEDIUM
17,2,0,7,0,0,LOW
62,3,0,10,0,0,HIGH
24,3,1,4,0,1,MEDIUM
76,4,1,7,0,1,HIGH
65,2,0,1,0,0,LOW
43,5,2,5,0,0,HIGH
5,1,0,3,0,1,LOW
7,1,0,5,0,0,LOW
81,3,1,4,0,1,HIGH
66,2,0,2,0,0,MEDIUM
67,1,2,4,0,1,MEDIUM
29,2,2,3,0,1,MEDIUM
60,2,2,1,0,3,MEDIUM
37,1,0,10,0,1,MEDIUM
42,5,0,8,0,0,HIGH
10,1,0,5,0,0,LOW
62,3,1,4,0,1,MEDIUM
48,3,2,10,0,0,HIGH
49,5,2,5,0,2,HIGH
36,1,2,4,1,1,HIGH
49,4,3,3,0,0,HIGH
65,2,2,5,0,0,MEDIUM
51,3,0,4,0,0,MEDIUM
25,3,0,1,0,0,LOW
84,4,1,3,0,0,HIGH
79,2,0,10,1,1,HIGH
40,3,0,10,0,0,HIGH
23,2,1,8,0,0,MEDIUM
24,3,2,7,0,0,HIGH
61,5,0,2,0,0,HIGH
22,1,2,1,0,0,LOW
51,5,2,3,0,1,HIGH
53,1,1,5,0,0,LOW
18,1,0,10,0,1,MEDIUM
19,1,0,1,0,1,LOW
35,2,2,3,0,3,MEDIUM
5,3,2,3,0,0,MEDIUM
58,1,3,5,0,0,MEDIUM
7,1,1,3,0,0,LOW
20,5,0,9,0,0,HIGH
61,4,0,1,0,2,MEDIUM
79,4,2,4,0,1,HIGH
16,4,0,10,0,1,HIGH
78,3,0,10,0,0,HIGH
20,1,1,4,0,1,LOW
76,2,0,1,1,0,HIGH
80,3,0,2,0,1,MEDIUM
28,2,1,1,0,1,MEDIUM
32,3,0,6,0,0,MEDIUM
12,1,0,3,0,0,LOW
40,2,2,7,0,2,MEDIUM
12,2,2,5,0,0,MEDIUM
62,3,0,9,0,0,MEDIUM
64,3,2,7,0,0,MEDIUM
54,3,0,4,0,0,MEDIUM
32,1,1,5,0,1,MEDIUM
45,1,2,5,0,1,MEDIUM
68,4,2,5,0,1,HIGH
31,3,2,10,0,0,HIGH
67,1,0,9,0,1,MEDIUM
21,4,0,10,0,2,HIGH
77,1,3,3,1,0,HIGH
37,2,0,6,0,0,LOW
81,1,0,8,0,2,MEDIUM
33,3,2,9,0,0,HIGH
17,3,2,7,1,0,HIGH
50,1,2,3,0,0,LOW
39,4,0,1,0,0,MEDIUM
10,2,2,4,0,0,MEDIUM
86,2,0,6,0,0,MEDIUM
73,1,0,3,0,1,LOW
51,2,1,1,0,0,LOW
29,1,0,6,0,2,LOW
70,3,0,1,0,0,MEDIUM
14,4,1,9,0,3,HIGH
60,2,0,1,0,3,MEDIUM
34,1,0,6,0,1,LOW
9,1,0,1,0,2,MEDIUM
37,1,1,7,0,1,MEDIUM
69,2,1,3,1,2,HIGH
22,3,2,6,0,0,MEDIUM
53,1,2,7,0,0,LOW
15,3,1,1,0,1,MEDIUM
30,4,2,1,0,0,HIGH
67,2,0,5,1,2,HIGH
63,4,0,6,0,2,HIGH
31,3,2,9,0,0,HIGH
53,3,0,1,0,2,MEDIUM
81,2,4,4,1,0,HIGH
37,2,1,10,0,0,MEDIUM
5,1,2,8,0,0,MEDIUM
25,2,1,10,0,0,MEDIUM
59,2,1,9,0,1,HIGH
10,3,0,3,0,1,MEDIUM
85,1,2,2,1,0,HIGH
73,4,1,4,1,1,HIGH
9,3,3,2,0,1,HIGH
7,2,0,1,0,0,LOW
57,1,0,3,0,0,LOW
27,4,0,7,1,2,HIGH
57,4,1,1,0,2,HIGH
41,3,2,2,0,0,MEDIUM
78,2,0,1,1,0,HIGH
78,2,1,8,0,2,HIGH
87,1,0,5,0,1,LOW
21,1,1,8,0,0,MEDIUM
82,3,3,3,0,1,HIGH
77,3,0,7,0,0,MEDIUM
5,3,1,8,0,1,HIGH
55,4,4,6,0,0,HIGH
49,3,2,7,0,0,MEDIUM
81,2,1,2,0,0,MEDIUM
8,2,1,8,0,3,HIGH
66,5,0,5,1,1,HIGH
69,1,1,7,0,1,MEDIUM
36,5,2,1,0,1,HIGH
38,4,1,5,0,0,HIGH
76,1,0,1,1,2,HIGH
43,3,0,8,0,0,MEDIUM
30,4,0,4,0,2,HIGH
38,3,0,4,1,0,HIGH
58,4,0,2,0,0,MEDIUM
7,5,1,5,1,0,HIGH
54,2,0,1,1,1,HIGH
16,2,0,9,1,2,HIGH
69,5,1,5,0,1,HIGH
58,3,0,6,0,0,MEDIUM
9,1,0,2,0,3,MEDIUM
61,1,0,10,0,0,LOW
21,3,0,10,0,2,HIGH
51,5,1,1,0,1,HIGH
27,4,0,4,0,0,MEDIUM
83,3,2,7,0,0,HIGH
18,1,3,6,0,0,MEDIUM
70,2,2,10,0,0,HIGH
79,4,1,1,0,0,HIGH
55,1,2,1,0,0,LOW
42,2,1,8,0,0,MEDIUM
68,1,0,4,0,1,LOW
42,3,0,5,0,2,MEDIUM
54,5,2,7,0,0,HIGH
86,2,0,8,0,0,MEDIUM
34,2,0,10,0,0,MEDIUM
83,3,2,7,0,0,HIGH
55,5,2,2,0,2,HIGH
67,1,0,4,0,1,LOW
56,2,1,10,0,2,HIGH
42,2,0,1,0,0,LOW
83,4,2,10,1,1,HIGH
34,2,0,9,0,0,MEDIUM
55,1,0,3,1,2,HIGH
85,3,2,3,0,2,HIGH
9,3,1,10,0,1,HIGH
33,1,1,9,0,2,MEDIUM
8,4,1,10,0,0,HIGH
14,1,0,3,0,2,LOW
60,3,1,8,0,0,HIGH
21,2,0,2,0,0,LOW
78,3,0,3,0,0,MEDIUM
21,2,0,2,0,3,MEDIUM
73,4,1,1,0,2,HIGH
38,3,3,2,1,2,HIGH
10,3,4,8,0,2,HIGH
57,3,1,9,0,0,HIGH
70,3,0,2,0,2,MEDIUM
81,1,1,7,0,3,MEDIUM
47,2,2,5,0,0,MEDIUM
79,5,0,3,0,0,HIGH
27,1,3,9,0,1,MEDIUM
59,3,0,6,1,3,HIGH
84,5,4,1,0,2,HIGH
79,1,2,5,1,2,HIGH
20,3,2,7,1,2,HIGH
12,2,0,4,0,2,MEDIUM
8,3,0,8,0,1,HIGH
8,1,0,10,0,1,MEDIUM
60,1,0,5,0,0,LOW
29,3,0,9,0,1,HIGH
71,4,1,9,0,0,HIGH
71,3,1,9,0,2,HIGH
31,2,1,1,0,0,LOW
36,1,1,2,0,0,LOW
54,3,0,3,0,0,MEDIUM
65,1,4,4,0,1,MEDIUM
55,4,0,10,0,0,HIGH
23,4,1,9,0,0,HIGH
25,3,1,10,0,0,MEDIUM
9,5,2,6,0,0,HIGH
86,1,0,1,0,0,LOW
46,3,1,9,0,0,HIGH
65,2,1,6,0,0,MEDIUM
26,4,0,4,0,0,MEDIUM
25,2,1,4,0,0,LOW
74,3,3,3,0,0,HIGH
5,4,4,7,0,2,HIGH
9,1,0,3,0,0,LOW
16,2,0,2,0,0,LOW
50,3,0,10,0,0,MEDIUM
38,2,0,8,0,0,MEDIUM
53,2,0,4,0,0,LOW
82,1,0,8,0,0,MEDIUM
49,1,3,1,0,1,MEDIUM
31,4,3,5,0,1,HIGH
77,3,0,9,0,0,HIGH
30,1,0,1,0,1,LOW
51,2,1,4,0,0,LOW
60,2,0,6,0,2,MEDIUM
67,1,1,10,0,0,MEDIUM
52,2,1,8,0,1,HIGH
65,2,2,3,0,0,MEDIUM
85,2,2,5,0,2,HIGH
30,3,1,7,0,0,MEDIUM
40,1,1,1,0,0,LOW
5,3,0,7,0,1,MEDIUM
12,3,1,8,1,0,HIGH
56,3,1,8,0,1,HIGH
83,3,0,9,0,1,HIGH
51,2,0,6,0,0,LOW
60,4,0,6,0,0,HIGH
18,3,3,2,0,0,MEDIUM
32,2,0,3,1,1,HIGH
82,4,0,4,0,0,HIGH
6,3,0,4,0,1,MEDIUM
30,2,1,8,0,3,HIGH
18,1,0,1,0,0,LOW
63,1,3,10,1,3,HIGH
60,4,2,4,0,1,HIGH
11,3,1,4,0,0,MEDIUM
7,5,1,1,0,0,HIGH
27,3,0,3,0,1,MEDIUM
22,2,0,5,0,0,LOW
42,1,2,6,0,0,MEDIUM
19,3,0,9,0,0,MEDIUM
68,3,0,9,0,1,HIGH
32,5,1,9,0,1,HIGH
78,1,0,1,0,1,LOW
43,2,3,9,0,0,HIGH
61,3,0,8,0,2,HIGH
21,3,2,2,0,3,HIGH
48,3,1,1,0,0,MEDIUM
29,3,2,1,0,0,MEDIUM
21,1,0,6,0,2,MEDIUM
17,3,1,9,0,2,HIGH
29,3,2,7,0,1,HIGH
72,4,1,5,0,3,HIGH
14,4,0,2,0,1,HIGH
71,2,1,1,1,0,HIGH
22,2,2,2,0,1,MEDIUM
38,5,1,1,0,1,HIGH
12,2,3,3,0,3,HIGH
44,4,0,6,0,0,MEDIUM
87,1,1,8,0,1,HIGH
46,3,2,3,0,1,HIGH
45,4,1,10,0,0,HIGH
10,5,2,9,0,0,HIGH
56,2,4,10,0,2,HIGH
30,3,1,5,0,0,MEDIUM
68,2,0,7,0,1,MEDIUM
63,1,0,8,0,2,MEDIUM
60,3,2,3,0,0,MEDIUM
63,3,2,2,0,3,HIGH
74,5,0,2,0,1,HIGH
37,2,0,5,1,0,HIGH
57,1,0,1,0,0,LOW
26,1,2,2,0,3,MEDIUM
25,2,0,9,0,0,MEDIUM
74,2,1,7,0,0,MEDIUM
74,3,1,6,1,0,HIGH
8,2,2,9,0,0,HIGH
79,5,1,7,0,0,HIGH
66,5,1,5,0,3,HIGH
66,3,0,9,0,2,HIGH
28,5,1,6,0,0,HIGH
59,3,2,6,0,0,HIGH
13,2,4,4,0,1,HIGH
7,1,0,1,0,0,LOW
35,2,0,5,0,2,MEDIUM
44,3,0,9,0,2,HIGH
40,4,0,8,0,2,HIGH
28,2,2,8,0,0,HIGH
10,4,0,5,0,0,HIGH
70,3,1,9,0,0,HIGH
79,1,0,3,0,0,LOW
8,5,0,3,0,0,HIGH
83,2,1,1,0,2,MEDIUM
10,2,0,9,0,2,HIGH
55,3,0,6,0,3,MEDIUM
66,1,2,2,0,2,MEDIUM
61,3,1,8,0,0,HIGH
70,2,0,9,1,1,HIGH
83,2,4,9,1,0,HIGH
79,5,1,2,1,0,HIGH
12,2,2,2,0,1,MEDIUM
30,1,0,7,0,1,LOW
55,2,0,4,0,1,LOW
49,4,0,1,0,0,MEDIUM
48,1,0,8,0,0,LOW
9,1,1,2,0,0,LOW
74,1,3,3,0,0,MEDIUM
30,1,1,5,1,0,HIGH
72,4,0,3,0,1,HIGH
23,3,1,7,0,2,HIGH
24,2,0,7,0,0,MEDIUM
16,3,1,2,0,1,MEDIUM
51,2,1,7,0,0,MEDIUM
5,5,2,6,1,3,HIGH
18,5,4,10,0,0,HIGH
68,2,0,9,0,2,HIGH
42,4,1,9,0,3,HIGH
41,3,3,2,0,2,HIGH
15,2,2,7,0,0,MEDIUM
81,1,1,5,0,1,MEDIUM
7,2,3,6,0,0,MEDIUM
37,3,0,1,0,0,MEDIUM
10,5,3,7,0,0,HIGH
54,3,0,6,0,2,HIGH
14,4,1,4,1,2,HIGH
9,3,3,1,0,0,MEDIUM
27,4,0,9,0,0,HIGH
14,3,1,4,0,3,HIGH
48,2,0,2,1,0,MEDIUM
6,3,3,8,0,0,HIGH
17,4,2,2,0,0,HIGH
44,1,2,5,0,1,MEDIUM
6,4,1,6,0,0,HIGH
69,1,2,8,0,1,HIGH
67,2,0,1,0,0,LOW
77,4,1,1,0,0,HIGH
21,2,2,4,0,0,MEDIUM
13,1,0,5,1,0,MEDIUM
79,2,0,9,0,0,MEDIUM
19,4,0,7,0,0,MEDIUM
28,1,0,7,0,2,LOW
42,4,2,8,0,0,HIGH
39,1,1,5,0,1,LOW
53,5,2,5,0,3,HIGH
73,5,0,1,0,2,HIGH
66,2,0,9,0,3,HIGH
64,2,0,6,0,1,MEDIUM
54,2,2,9,0,0,MEDIUM
82,3,1,3,0,2,HIGH
79,1,3,5,0,2,HIGH
13,1,1,2,0,2,LOW
38,1,1,10,0,1,MEDIUM
80,2,1,5,0,1,MEDIUM
39,2,3,8,0,0,HIGH
5,3,2,2,0,1,HIGH
44,5,0,8,0,0,HIGH
68,2,1,4,1,0,HIGH
26,3,1,10,0,1,HIGH
64,2,2,10,0,0,MEDIUM
68,4,0,1,0,0,MEDIUM
76,4,2,5,0,2,HIGH
15,4,3,1,0,2,HIGH
18,5,0,7,0,1,HIGH
64,1,3,8,0,0,MEDIUM
34,4,0,3,0,3,HIGH
39,3,0,3,1,0,HIGH
41,1,0,7,0,1,LOW
9,5,0,4,0,0,HIGH
87,1,2,3,0,0,LOW
82,3,0,8,1,1,HIGH
30,1,0,3,0,1,LOW
66,2,0,7,0,0,MEDIUM
8,3,0,2,0,0,MEDIUM
46,3,0,1,0,0,LOW
22,2,1,6,0,0,MEDIUM
44,2,0,8,0,1,MEDIUM
76,4,2,1,0,0,HIGH
43,1,2,10,1,0,HIGH
18,2,0,9,0,0,MEDIUM
36,4,3,3,1,0,HIGH
55,4,0,3,1,1,HIGH
42,2,0,4,0,1,MEDIUM
27,3,0,1,0,0,LOW
67,4,0,9,0,0,HIGH
19,4,1,3,0,1,HIGH
29,2,2,10,0,0,HIGH
21,1,0,4,0,0,LOW
70,2,2,1,0,0,MEDIUM
82,2,0,4,0,0,MEDIUM
57,3,2,1,0,0,MEDIUM
55,1,0,5,1,2,HIGH
43,3,0,5,0,1,MEDIUM
55,2,0,7,1,1,HIGH
74,2,0,8,0,0,MEDIUM
10,4,1,4,0,1,HIGH
71,2,2,7,0,2,HIGH
11,1,0,4,0,1,LOW
55,4,2,3,0,0,HIGH
76,1,1,6,0,1,MEDIUM
46,3,2,4,0,0,MEDIUM
68,3,0,3,0,1,MEDIUM
19,2,1,9,0,0,MEDIUM
33,4,3,5,0,2,HIGH
37,2,1,7,0,1,MEDIUM
31,2,0,6,0,0,MEDIUM
40,1,0,10,1,0,HIGH
33,2,0,5,1,0,HIGH
42,5,1,7,1,0,HIGH
61,2,2,6,0,0,MEDIUM
31,2,0,10,0,0,MEDIUM
59,2,1,2,0,0,MEDIUM
37,3,1,3,0,3,HIGH
72,1,1,2,0,0,LOW
70,2,1,3,0,0,MEDIUM
14,3,2,1,0,0,MEDIUM
9,1,0,8,0,0,MEDIUM
78,1,3,6,0,0,MEDIUM
42,1,0,2,0,1,LOW
17,2,0,8,0,0,MEDIUM
35,4,0,6,0,1,MEDIUM
51,1,0,7,0,2,LOW
56,1,0,1,1,0,MEDIUM
60,2,0,7,0,0,LOW
19,3,2,3,0,0,MEDIUM
33,3,0,8,1,1,HIGH
12,2,2,6,0,0,MEDIUM
9,3,0,4,0,1,MEDIUM
33,3,3,8,0,1,HIGH
51,4,2,9,0,1,HIGH
72,4,0,10,0,0,HIGH
80,2,2,2,0,0,MEDIUM
49,2,1,6,0,1,MEDIUM
6,1,2,5,0,2,MEDIUM
31,2,1,5,1,3,HIGH
40,5,1,10,0,2,HIGH
40,2,2,3,0,1,MEDIUM
30,1,1,8,0,1,MEDIUM
47,3,0,8,0,1,HIGH
31,2,2,5,0,0,MEDIUM
73,1,0,8,0,1,MEDIUM
24,2,1,10,0,0,MEDIUM
15,2,0,8,0,0,MEDIUM
78,3,1,3,0,1,MEDIUM
42,1,4,2,0,0,MEDIUM
10,2,0,9,0,0,MEDIUM
76,2,0,2,0,0,LOW
27,2,1,9,1,2,HIGH
51,3,2,4,0,1,MEDIUM
50,2,1,2,0,0,LOW
16,2,0,10,0,0,MEDIUM
17,5,3,1,0,0,HIGH
66,3,1,4,0,0,MEDIUM
86,1,0,9,0,0,MEDIUM
64,3,0,9,0,1,HIGH
47,3,1,4,0,0,MEDIUM
80,3,0,9,0,0,HIGH
72,1,0,6,0,0,LOW
9,5,2,1,1,0,HIGH
41,2,0,10,0,0,MEDIUM
76,1,2,6,0,1,MEDIUM
35,1,0,9,0,0,MEDIUM
13,1,2,2,0,2,MEDIUM
55,4,2,6,0,1,HIGH
33,1,0,2,0,0,LOW
82,1,1,4,0,0,MEDIUM
44,4,0,8,1,1,HIGH
45,2,2,7,0,0,MEDIUM
15,1,2,9,1,1,HIGH
27,1,1,7,0,2,MEDIUM
5,1,1,1,0,0,LOW
50,1,0,2,0,1,LOW
25,3,2,6,0,2,HIGH
40,1,0,7,0,0,LOW
58,1,0,3,0,1,LOW
61,3,1,9,0,0,HIGH
5,3,0,7,0,0,MEDIUM
67,2,2,6,1,1,HIGH
58,2,0,6,0,1,MEDIUM
59,2,1,1,1,2,HIGH
44,2,0,5,0,0,MEDIUM
19,2,0,10,1,0,HIGH
25,2,1,3,0,0,LOW
51,4,4,7,0,0,HIGH
77,1,2,10,0,0,HIGH
57,3,0,3,0,0,MEDIUM
13,1,0,5,0,0,LOW
78,3,2,7,0,0,HIGH
56,3,1,3,0,0,MEDIUM
61,4,0,10,0,3,HIGH
30,1,2,2,0,1,LOW
45,3,2,6,0,0,HIGH
39,2,4,8,0,2,HIGH
67,3,3,4,1,1,HIGH
29,2,2,9,0,2,HIGH
79,2,0,8,0,0,MEDIUM
42,2,0,7,1,0,HIGH
6,2,1,7,0,2,MEDIUM
11,2,1,3,0,0,MEDIUM
86,1,1,6,0,2,MEDIUM
38,5,0,5,0,2,HIGH
21,3,1,1,0,3,HIGH
47,5,1,3,0,0,HIGH
63,1,0,1,0,0,LOW
55,4,0,4,0,0,MEDIUM
58,4,1,10,0,3,HIGH
28,3,2,3,1,0,HIGH
29,3,0,4,0,1,MEDIUM
75,2,1,9,1,0,HIGH
56,4,2,3,1,0,HIGH
74,2,1,6,0,0,MEDIUM
37,1,0,6,0,0,LOW
53,2,1,7,0,2,MEDIUM
33,5,0,9,0,0,HIGH
67,4,3,7,0,2,HIGH
26,5,0,1,1,1,HIGH
30,3,1,8,0,1,HIGH
32,1,0,5,0,1,LOW
53,1,1,9,0,0,LOW
75,1,1,10,0,0,MEDIUM
85,1,0,5,0,1,MEDIUM
53,2,1,5,0,0,LOW
24,1,0,2,0,0,LOW
67,2,0,3,0,0,LOW
65,5,1,10,1,1,HIGH
53,2,0,9,1,0,HIGH
75,4,3,7,0,0,HIGH
5,3,1,1,0,0,MEDIUM
17,1,1,3,0,3,MEDIUM
55,2,0,2,0,0,LOW
60,1,1,1,0,1,LOW
87,2,2,9,0,1,HIGH
66,3,0,8,0,1,HIGH
36,1,2,5,1,0,HIGH
34,1,0,2,0,1,LOW
33,2,2,1,0,0,MEDIUM
53,5,0,7,0,0,HIGH
49,3,2,2,0,1,MEDIUM
34,3,1,1,0,1,MEDIUM
20,1,0,2,0,1,LOW
44,3,0,7,0,2,MEDIUM
23,3,1,7,0,0,MEDIUM
22,3,4,10,0,2,HIGH
5,5,0,6,1,0,HIGH
82,2,0,5,0,1,MEDIUM
51,5,1,3,1,0,HIGH
70,4,1,3,0,0,HIGH
42,1,1,9,0,0,MEDIUM
55,2,1,4,0,0,LOW
67,5,0,9,0,0,HIGH
8,1,3,4,0,0,MEDIUM
5,2,1,2,0,0,MEDIUM
12,5,0,4,0,1,HIGH
33,3,2,6,0,0,HIGH
59,1,1,6,1,0,MEDIUM
7,3,0,5,0,0,HIGH
36,1,1,1,0,0,LOW
14,2,0,3,0,2,MEDIUM
78,1,1,5,0,2,MEDIUM
87,3,3,6,0,0,HIGH
38,2,0,1,0,1,LOW
59,3,0,9,0,1,HIGH
36,3,2,3,0,0,MEDIUM
54,2,4,10,0,1,HIGH
11,3,1,3,0,0,MEDIUM
12,1,1,2,0,0,LOW
69,3,1,8,0,0,HIGH
61,1,3,3,0,0,MEDIUM
71,5,2,6,1,1,HIGH
63,1,0,2,1,0,MEDIUM
76,2,1,7,0,0,MEDIUM
58,3,1,4,0,0,MEDIUM
71,2,2,9,0,1,HIGH
55,1,1,10,0,2,MEDIUM
12,3,1,9,0,1,HIGH
38,3,4,7,0,0,HIGH
39,3,0,8,0,1,HIGH
82,2,0,3,0,0,MEDIUM
36,3,1,5,0,0,MEDIUM
50,2,0,2,0,0,LOW
20,3,0,10,0,0,HIGH
72,3,0,7,0,1,HIGH
41,2,1,8,0,2,HIGH
58,1,2,9,0,1,MEDIUM
18,1,1,7,0,0,LOW
59,1,1,10,0,0,MEDIUM
52,1,0,10,0,0,LOW
86,2,2,8,0,1,HIGH
11,3,2,9,0,1,HIGH
78,1,1,6,0,3,HIGH
11,5,0,10,0,0,HIGH
37,1,0,2,0,2,LOW
27,3,0,2,1,1,HIGH
23,3,1,4,1,2,HIGH
23,2,2,9,0,1,HIGH
40,1,2,7,1,1,HIGH
33,3,1,2,0,1,MEDIUM
64,2,2,8,0,1,HIGH
86,5,3,7,0,0,HIGH
6,2,0,9,0,0,MEDIUM
5,5,0,8,0,0,HIGH
51,1,3,3,0,0,LOW
73,3,0,1,0,1,MEDIUM
24,3,3,2,0,0,MEDIUM
15,3,4,2,0,0,HIGH
6,1,1,4,0,0,LOW
71,3,2,6,0,1,HIGH
16,2,2,4,0,0,MEDIUM
24,3,1,9,0,0,HIGH
9,2,0,4,0,0,LOW
41,4,0,6,0,0,MEDIUM
42,1,0,6,0,2,MEDIUM
13,4,1,10,0,0,HIGH
57,4,0,10,0,1,HIGH
48,4,0,1,0,1,MEDIUM
28,2,0,8,0,3,HIGH
85,2,2,3,1,0,HIGH
78,5,4,6,0,0,HIGH
34,1,4,3,0,0,MEDIUM
63,2,1,2,0,0,MEDIUM
85,3,2,5,1,1,HIGH
85,3,2,1,1,0,HIGH
18,1,1,9,0,0,MEDIUM
13,3,1,7,0,2,HIGH
44,4,0,3,0,1,HIGH
70,1,3,4,0,0,MEDIUM
29,4,0,6,0,0,MEDIUM
77,1,1,3,0,0,LOW
26,2,1,7,0,3,HIGH
8,1,0,6,0,2,MEDIUM
30,1,0,9,0,2,MEDIUM
62,4,1,5,0,2,HIGH
33,2,0,4,0,0,LOW
41,2,2,3,0,0,MEDIUM
79,1,1,10,0,0,MEDIUM
74,3,1,1,0,1,HIGH
22,3,1,3,0,2,HIGH
46,2,1,3,0,0,LOW
45,2,1,7,0,0,MEDIUM
42,4,1,7,0,2,HIGH
38,2,2,1,0,0,MEDIUM
21,2,2,3,0,2,MEDIUM
41,2,2,8,0,0,HIGH
29,3,0,9,0,0,MEDIUM
80,2,1,7,0,0,MEDIUM
31,2,3,7,0,1,HIGH
61,2,0,8,0,1,MEDIUM
35,5,0,6,0,0,HIGH
10,2,1,3,0,2,MEDIUM
44,3,0,1,0,1,MEDIUM
16,2,0,7,0,1,MEDIUM
57,1,4,1,0,0,MEDIUM
75,3,1,1,0,2,HIGH
14,2,0,9,0,0,MEDIUM
49,4,4,10,0,0,HIGH
21,4,4,7,0,0,HIGH
30,4,1,4,0,0,MEDIUM
66,1,0,6,0,2,MEDIUM
50,3,2,1,1,0,HIGH
68,2,2,7,0,0,MEDIUM
6,4,1,6,0,2,HIGH
58,3,3,4,0,1,HIGH
69,4,1,7,0,1,HIGH
55,2,0,3,0,0,LOW
57,2,1,1,0,1,MEDIUM
40,1,0,4,0,0,LOW
30,3,2,3,0,3,HIGH
33,2,1,1,0,1,MEDIUM
25,2,0,2,0,1,LOW
15,3,1,5,0,0,MEDIUM
44,3,0,8,0,0,MEDIUM
15,1,0,1,1,0,MEDIUM
40,3,1,4,0,0,MEDIUM
63,2,0,4,0,0,LOW
43,2,2,5,0,1,MEDIUM
58,1,0,7,0,0,LOW
59,1,1,8,0,1,MEDIUM
28,2,2,6,0,0,MEDIUM
26,3,1,1,0,0,MEDIUM
73,1,1,7,1,1,HIGH
60,2,3,3,0,1,MEDIUM
37,5,0,6,0,0,HIGH
40,1,0,8,0,0,MEDIUM
24,2,1,7,0,1,MEDIUM
87,3,0,10,0,0,HIGH
85,5,3,6,0,0,HIGH
66,3,0,9,0,1,HIGH
77,3,2,9,1,0,HIGH
30,4,2,1,1,0,HIGH
70,2,0,1,1,2,HIGH
77,4,1,1,0,1,HIGH
77,1,0,8,0,0,MEDIUM
44,5,1,10,0,0,HIGH
21,2,0,7,0,0,LOW
5,3,3,3,0,2,HIGH
65,2,4,2,0,1,HIGH
47,3,0,4,0,0,MEDIUM
46,1,0,3,0,0,LOW
29,4,2,7,0,0,HIGH
43,4,0,10,0,0,HIGH
39,1,3,8,0,1,HIGH
7,4,1,6,0,0,HIGH
48,3,0,3,0,0,MEDIUM
55,3,2,6,0,0,HIGH
16,2,1,2,0,0,LOW
23,2,3,7,0,0,HIGH
48,1,3,10,0,1,HIGH
63,2,0,7,0,1,MEDIUM
53,4,0,4,0,3,HIGH
65,1,4,8,1,2,HIGH
21,4,3,4,0,1,HIGH
78,2,0,7,0,1,MEDIUM
61,2,2,4,0,3,HIGH
59,3,1,5,0,0,MEDIUM
51,4,0,7,0,0,MEDIUM
16,2,2,10,0,0,HIGH
66,2,0,3,0,1,MEDIUM
84,2,3,10,0,1,HIGH
87,1,0,5,0,0,LOW
12,2,1,3,0,0,MEDIUM
25,2,0,5,0,0,LOW
85,2,1,3,0,0,MEDIUM
84,3,1,10,0,0,HIGH
74,2,0,7,0,0,MEDIUM
76,2,1,1,1,0,HIGH
29,2,1,9,0,2,HIGH
86,3,0,9,1,2,HIGH
16,4,2,5,0,2,HIGH
19,2,0,9,1,1,HIGH
63,3,1,10,0,1,HIGH
30,2,1,6,0,1,MEDIUM
30,2,1,5,1,1,HIGH
51,2,0,3,0,1,LOW
36,2,1,8,0,0,MEDIUM
14,3,1,4,0,0,MEDIUM
20,4,2,10,0,1,HIGH
75,1,2,3,0,0,MEDIUM
21,3,1,6,0,0,MEDIUM
27,3,0,8,1,0,HIGH
30,1,0,9,0,0,LOW
11,1,0,6,1,3,HIGH
18,2,0,5,1,0,HIGH
83,1,0,2,0,0,LOW
11,1,0,2,0,0,LOW
13,2,0,9,0,2,MEDIUM
52,2,0,2,0,1,MEDIUM
76,3,0,2,0,1,MEDIUM
63,3,0,3,0,2,MEDIUM
86,5,0,3,0,0,HIGH
43,2,1,4,0,0,MEDIUM
22,3,1,7,0,0,MEDIUM
63,4,0,9,0,1,HIGH
21,3,1,2,0,1,MEDIUM
18,2,0,4,0,0,LOW
35,3,0,9,0,0,MEDIUM
28,1,0,2,1,0,MEDIUM
64,2,1,10,0,1,MEDIUM
49,2,1,1,0,0,MEDIUM
7,3,0,10,0,0,HIGH
41,1,0,8,1,0,HIGH
47,5,3,9,0,1,HIGH
44,3,0,7,0,1,MEDIUM
59,2,0,8,1,0,HIGH
43,5,2,4,0,1,HIGH
19,2,2,4,0,0,LOW
8,5,1,2,0,3,HIGH
29,2,1,8,1,0,HIGH
17,1,0,2,0,1,LOW
86,3,0,9,0,0,HIGH
37,3,1,4,0,0,MEDIUM
20,3,0,1,0,1,MEDIUM
46,5,1,4,0,0,HIGH
70,3,3,3,0,0,HIGH
59,3,3,6,0,0,HIGH
46,4,0,7,0,0,HIGH
38,3,1,8,0,0,HIGH
34,2,1,2,0,0,LOW
17,4,2,6,0,1,HIGH
17,1,0,6,0,1,LOW
22,3,0,10,0,0,MEDIUM
36,4,0,5,0,1,HIGH
43,3,0,10,0,2,HIGH
50,3,0,10,0,0,MEDIUM
33,3,2,7,0,0,MEDIUM
66,2,1,3,0,1,MEDIUM
66,4,0,4,0,1,HIGH
61,1,1,10,1,0,HIGH
20,1,0,9,0,0,LOW
60,2,3,4,0,0,MEDIUM
14,2,3,3,1,3,HIGH
34,2,4,2,0,0,MEDIUM
29,4,2,5,0,3,HIGH
9,2,0,4,0,0,LOW
69,2,0,8,0,0,MEDIUM
53,1,1,7,0,0,LOW
7,2,3,6,0,1,HIGH
49,3,0,2,0,0,MEDIUM
18,1,0,3,0,0,LOW
34,2,2,10,0,2,HIGH
72,1,0,9,1,3,HIGH
22,1,1,9,0,0,LOW
66,2,1,5,0,0,MEDIUM
41,1,0,3,0,1,LOW
29,3,0,2,0,1,MEDIUM
52,4,2,8,0,0,HIGH
69,2,1,6,0,3,HIGH
57,5,4,10,0,0,HIGH
83,2,0,7,0,1,MEDIUM
77,2,0,1,0,0,LOW
19,5,2,1,0,1,HIGH
53,1,1,10,1,0,HIGH
72,5,0,2,1,1,HIGH
16,1,2,10,0,3,HIGH
63,2,0,3,0,0,LOW
41,1,0,1,0,0,LOW
65,3,0,5,0,0,MEDIUM
47,3,0,3,1,2,HIGH
74,3,1,1,0,3,HIGH
43,2,1,8,0,1,MEDIUM
60,2,2,6,1,0,HIGH
67,1,3,9,0,3,HIGH
50,2,0,3,0,0,LOW
15,5,0,9,0,0,HIGH
66,2,0,9,0,0,MEDIUM
81,4,0,1,0,0,HIGH
29,4,1,3,0,2,HIGH
75,2,2,6,0,1,HIGH
56,3,2,8,0,0,HIGH
8,1,0,4,0,0,LOW
63,1,0,5,0,0,LOW
76,1,1,9,0,1,MEDIUM
24,3,0,6,0,0,MEDIUM
67,2,1,7,0,0,MEDIUM
58,2,4,7,0,1,HIGH
78,2,0,4,0,2,MEDIUM
61,2,2,4,0,2,MEDIUM
45,3,1,4,0,3,HIGH
7,3,0,5,0,1,MEDIUM
10,1,1,5,0,0,MEDIUM
9,1,0,8,0,2,MEDIUM
9,3,0,9,0,0,HIGH
58,2,1,2,0,1,MEDIUM
51,3,2,7,0,0,HIGH
53,2,0,1,0,2,MEDIUM
13,2,0,1,0,0,LOW
24,1,3,4,1,0,HIGH
65,2,2,10,0,1,HIGH
39,3,2,7,0,0,HIGH
54,2,0,2,0,3,MEDIUM
86,3,3,2,0,0,HIGH
66,4,0,1,0,1,HIGH
21,2,1,10,0,2,HIGH
7,3,0,2,0,1,MEDIUM
36,2,1,7,0,0,MEDIUM
17,2,0,9,0,0,MEDIUM
77,3,1,6,0,0,HIGH
72,2,0,10,0,2,HIGH
18,3,0,2,0,1,MEDIUM
15,1,1,10,0,3,MEDIUM
60,3,3,10,0,0,HIGH
71,4,3,9,0,0,HIGH
33,4,0,7,0,0,MEDIUM
13,3,2,1,0,1,MEDIUM
71,3,1,9,0,0,HIGH
29,3,0,2,0,0,LOW
80,3,0,4,0,1,MEDIUM
46,1,1,9,0,0,MEDIUM
13,2,3,4,0,1,MEDIUM
83,2,1,3,1,0,HIGH
44,5,1,1,0,0,HIGH
29,2,1,7,0,0,MEDIUM
9,2,0,6,0,2,MEDIUM
15,2,2,10,0,0,MEDIUM
63,3,2,4,0,0,MEDIUM
83,3,0,6,0,0,MEDIUM
42,1,2,6,1,0,HIGH
76,2,0,4,0,2,MEDIUM
9,4,4,6,0,0,HIGH
52,2,0,10,0,2,HIGH
22,2,0,8,0,0,MEDIUM
74,3,0,3,0,2,MEDIUM
41,4,1,4,0,1,HIGH
64,1,0,10,0,1,MEDIUM
52,3,1,1,0,1,MEDIUM
81,4,1,4,0,0,HIGH
32,2,2,10,0,1,HIGH
73,5,0,10,1,0,HIGH
81,3,1,9,0,0,HIGH
85,3,0,8,0,1,HIGH
44,3,2,4,0,0,MEDIUM
49,1,0,7,0,2,LOW
66,1,3,10,0,0,HIGH
62,2,2,3,0,0,MEDIUM
71,2,1,9,0,3,HIGH
60,2,1,10,0,1,MEDIUM
44,4,0,4,0,1,MEDIUM
44,4,0,2,0,1,MEDIUM
81,3,2,10,0,2,HIGH
37,4,3,5,0,0,HIGH
10,3,0,2,0,1,MEDIUM
23,2,1,10,0,0,MEDIUM
84,1,2,6,0,0,MEDIUM
44,2,1,10,0,0,MEDIUM
63,3,0,1,0,0,MEDIUM
63,2,0,6,0,1,MEDIUM
52,3,0,4,1,2,HIGH
45,1,2,3,1,1,HIGH
17,3,1,2,0,1,MEDIUM
49,4,1,7,1,0,HIGH
57,3,3,9,0,0,HIGH
46,5,1,3,0,0,HIGH
67,4,3,6,0,1,HIGH
31,4,1,9,0,0,HIGH
42,5,0,2,0,0,HIGH
64,4,3,7,0,2,HIGH
11,3,1,5,1,1,HIGH
9,1,0,5,0,1,LOW
49,2,0,7,0,1,MEDIUM
62,3,0,9,0,0,HIGH
35,2,1,4,0,0,MEDIUM
27,2,2,9,0,2,HIGH
46,5,3,10,0,1,HIGH
14,4,3,9,1,1,HIGH
36,4,0,4,0,0,MEDIUM
57,2,0,3,0,1,MEDIUM
34,1,0,2,0,0,LOW
43,1,2,9,0,0,MEDIUM
35,2,0,2,1,0,MEDIUM
86,1,1,6,0,0,MEDIUM
6,1,2,5,0,0,MEDIUM
82,4,1,5,0,0,HIGH
81,3,0,4,0,1,MEDIUM
16,2,4,6,0,1,HIGH
43,1,4,5,0,0,MEDIUM
70,2,0,4,0,0,LOW
17,1,1,9,0,3,MEDIUM
50,5,4,6,0,0,HIGH
31,2,0,10,0,0,MEDIUM
21,2,1,10,0,1,HIGH
64,2,0,10,0,0,MEDIUM
68,1,1,3,1,1,HIGH
39,3,0,10,0,1,HIGH
74,3,1,6,0,3,HIGH
87,3,0,1,0,2,HIGH
34,1,1,5,0,3,MEDIUM
75,3,4,10,0,0,HIGH
78,3,2,6,0,2,HIGH
67,4,2,8,0,0,HIGH
32,2,1,9,0,1,HIGH
64,2,0,3,0,1,LOW
83,3,0,2,1,0,HIGH
41,3,3,4,0,1,HIGH
26,2,0,8,0,0,MEDIUM
72,2,0,8,1,0,HIGH
24,2,2,3,0,2,HIGH
72,4,0,4,0,0,MEDIUM
68,2,0,3,0,0,LOW
21,5,4,10,0,0,HIGH
16,2,2,2,0,2,MEDIUM
26,5,1,4,0,0,HIGH
21,4,4,6,0,0,HIGH
14,2,1,5,0,2,HIGH
69,4,2,3,0,0,HIGH
26,1,0,2,0,0,LOW
86,5,0,9,0,1,HIGH
54,3,1,1,0,0,MEDIUM
18,1,3,9,0,2,HIGH
68,3,1,1,0,0,MEDIUM
51,5,0,7,0,2,HIGH
33,1,0,6,0,2,MEDIUM
80,3,2,7,0,0,HIGH
40,3,0,3,0,0,MEDIUM
56,4,1,3,0,3,HIGH
80,2,0,1,0,0,MEDIUM
11,1,0,4,0,1,LOW
33,1,1,2,0,1,LOW
15,3,1,10,0,1,HIGH
37,2,0,8,0,2,HIGH
10,5,0,3,0,0,HIGH
83,1,2,7,0,0,MEDIUM
36,3,0,7,0,2,HIGH
55,1,1,9,1,2,HIGH
79,1,4,6,0,1,HIGH
62,2,0,1,0,3,MEDIUM
30,2,3,8,0,1,HIGH
50,3,0,1,0,0,MEDIUM
33,4,1,3,0,2,HIGH
8,3,0,5,0,0,MEDIUM
85,5,4,8,0,0,HIGH
17,4,0,9,0,0,HIGH
43,3,0,7,0,1,MEDIUM
19,4,4,9,0,3,HIGH
33,3,1,3,0,0,MEDIUM
33,1,1,5,0,0,LOW
79,3,0,10,1,1,HIGH
36,1,2,8,0,2,HIGH
6,3,0,1,1,1,HIGH
51,3,0,8,0,1,HIGH
82,1,1,7,0,1,MEDIUM
26,1,0,1,0,0,LOW
79,4,3,10,0,0,HIGH
31,3,3,10,0,0,HIGH
71,1,2,6,0,2,HIGH
85,3,2,1,0,0,MEDIUM
60,3,1,2,0,1,MEDIUM
25,2,0,5,0,0,LOW
51,5,2,2,0,0,HIGH
84,3,0,10,0,0,HIGH
63,2,0,1,0,0,LOW
10,4,2,6,0,0,HIGH
23,4,1,8,0,1,HIGH
61,1,2,8,0,0,MEDIUM
73,1,0,8,1,1,HIGH
7,1,1,6,0,0,LOW
5,3,0,3,0,0,MEDIUM
62,3,1,1,0,0,MEDIUM
42,3,2,2,0,3,HIGH
19,5,1,5,0,0,HIGH
38,3,0,10,0,0,MEDIUM
65,1,0,5,0,2,MEDIUM
39,2,0,10,0,0,MEDIUM
68,2,1,1,0,2,MEDIUM
29,2,3,1,0,0,MEDIUM
28,3,0,9,0,1,MEDIUM
16,4,2,2,0,0,MEDIUM
22,2,2,7,0,2,HIGH
19,3,1,10,0,1,HIGH
84,3,1,4,0,0,MEDIUM
31,2,2,7,0,0,MEDIUM
76,1,0,8,0,0,MEDIUM
64,2,0,5,0,1,MEDIUM
50,1,0,1,0,0,LOW
21,5,4,4,0,0,HIGH
57,1,3,10,0,1,HIGH
12,2,2,3,0,0,MEDIUM
83,2,0,10,0,0,MEDIUM
31,5,1,5,0,0,HIGH
50,1,0,10,1,1,HIGH
54,1,0,10,0,3,MEDIUM
75,1,1,6,1,0,HIGH
7,1,4,2,0,1,MEDIUM
68,1,3,7,0,0,MEDIUM
48,3,1,3,0,0,MEDIUM
57,1,0,1,0,0,LOW
28,1,0,10,0,0,MEDIUM
64,4,0,3,0,0,MEDIUM
7,2,2,9,0,2,HIGH
24,2,2,10,0,3,HIGH
50,2,0,6,0,0,LOW
19,5,1,6,0,0,HIGH
29,1,0,4,0,3,LOW
82,4,0,8,0,0,HIGH
75,3,1,5,0,1,HIGH
21,1,0,7,0,0,LOW
13,5,1,9,0,0,HIGH
42,2,2,5,0,0,MEDIUM
52,1,1,5,1,2,HIGH
64,4,0,4,0,2,HIGH
67,3,0,6,0,0,MEDIUM
6,3,1,2,0,2,HIGH
76,1,0,3,0,0,LOW
15,2,0,1,0,0,LOW
68,3,1,2,0,1,HIGH
81,2,1,2,0,1,MEDIUM
85,2,2,8,0,0,HIGH
76,1,0,8,0,0,MEDIUM
25,1,2,2,0,3,MEDIUM
22,4,0,6,0,2,HIGH
68,2,0,5,0,2,MEDIUM
86,5,1,3,0,0,HIGH
42,2,1,5,0,1,MEDIUM
36,3,3,5,0,0,HIGH
15,2,2,5,0,3,HIGH
49,2,3,3,0,0,MEDIUM
37,1,3,3,0,0,MEDIUM
45,2,1,4,0,0,LOW
12,2,1,7,1,2,HIGH
15,5,1,2,0,1,HIGH
55,3,4,10,0,0,HIGH
45,1,2,4,1,1,HIGH
21,1,0,4,0,2,LOW
80,1,2,1,1,0,HIGH
50,3,0,10,0,2,HIGH
36,3,1,8,0,3,HIGH
83,5,0,1,0,0,HIGH
84,1,1,8,1,0,HIGH
58,2,2,7,0,0,MEDIUM
24,2,0,9,1,0,HIGH
37,3,0,8,0,0,MEDIUM
78,3,0,5,0,1,HIGH
44,3,1,8,0,1,HIGH
36,3,0,10,0,0,MEDIUM
6,1,0,3,1,1,HIGH
37,3,0,10,1,1,HIGH
81,1,1,7,0,2,MEDIUM
34,3,0,4,0,0,MEDIUM
37,2,2,5,0,1,MEDIUM
81,2,0,9,0,2,MEDIUM
30,4,1,7,0,0,HIGH
26,4,0,4,0,0,MEDIUM
70,4,1,6,0,0,HIGH
42,2,0,10,0,2,MEDIUM
50,3,2,7,0,0,MEDIUM
19,2,3,10,0,2,HIGH
48,4,3,9,0,2,HIGH
53,2,1,4,0,0,MEDIUM
79,5,1,10,0,1,HIGH
65,5,2,3,0,0,HIGH
71,3,1,8,0,0,HIGH
10,2,0,1,0,1,MEDIUM
13,1,2,9,0,1,MEDIUM
10,4,1,1,1,0,HIGH
77,1,0,2,0,2,MEDIUM
36,4,0,8,0,0,HIGH
45,2,0,9,0,0,MEDIUM
80,2,1,7,0,0,MEDIUM
12,4,0,3,0,0,MEDIUM
76,3,0,7,0,3,HIGH
54,3,0,6,0,1,MEDIUM
66,3,1,2,0,0,MEDIUM
66,2,2,3,0,0,MEDIUM
11,3,0,10,0,0,HIGH
79,2,0,10,0,0,MEDIUM
84,5,0,5,1,1,HIGH
8,4,3,10,0,2,HIGH
10,2,1,4,0,2,MEDIUM
62,3,1,2,0,0,MEDIUM
26,3,0,4,1,0,HIGH
30,2,2,8,0,0,MEDIUM
7,5,1,5,0,0,HIGH
45,1,0,5,0,0,LOW
64,2,0,10,0,0,MEDIUM
18,2,0,3,0,0,LOW
79,2,2,8,0,1,HIGH
86,3,2,6,0,1,HIGH
16,3,1,2,0,0,MEDIUM
16,3,2,2,0,1,MEDIUM
17,3,0,9,0,0,MEDIUM
29,1,1,7,0,0,LOW
49,2,1,10,0,2,HIGH
23,1,0,9,0,0,LOW
59,2,3,6,0,2,HIGH
49,3,0,5,0,0,MEDIUM
12,1,0,1,0,1,LOW
57,2,1,6,0,1,MEDIUM
59,1,1,6,0,1,LOW
36,5,1,3,0,2,HIGH
55,5,0,3,0,1,HIGH
48,3,2,3,0,1,HIGH
86,5,1,3,0,0,HIGH
74,3,1,7,0,0,HIGH
22,3,4,10,0,1,HIGH
87,1,2,2,0,1,MEDIUM
26,3,0,10,1,3,HIGH
41,3,2,10,0,0,HIGH
60,3,0,2,0,0,MEDIUM
63,3,0,3,0,1,MEDIUM
7,2,1,10,0,2,HIGH
32,3,4,7,1,2,HIGH
78,5,0,3,0,0,HIGH
39,2,1,7,0,0,MEDIUM
65,3,0,9,0,0,HIGH
58,2,2,10,0,0,MEDIUM
67,3,1,4,0,3,HIGH
83,3,1,7,1,0,HIGH
11,1,0,9,0,0,MEDIUM
80,3,2,8,0,0,HIGH
53,1,4,8,0,0,MEDIUM
35,3,1,9,0,2,HIGH
62,2,1,5,0,0,MEDIUM
65,3,3,5,0,0,HIGH
28,1,0,3,0,3,MEDIUM
24,3,2,5,0,0,MEDIUM
41,2,3,8,0,1,HIGH
8,4,0,5,0,0,HIGH
24,5,1,4,0,1,HIGH
64,5,0,8,0,0,HIGH
28,3,1,7,0,0,MEDIUM
54,3,1,6,0,0,MEDIUM
53,1,0,5,0,0,LOW
55,2,1,5,0,0,MEDIUM
40,2,0,10,0,0,MEDIUM
70,3,0,2,0,1,MEDIUM
83,4,0,4,0,2,HIGH
38,1,3,8,0,0,MEDIUM
40,5,0,8,0,0,HIGH
10,3,3,1,0,2,HIGH
43,3,1,2,0,1,MEDIUM
46,1,0,5,1,0,MEDIUM
62,1,2,9,0,0,MEDIUM
16,3,1,10,0,0,HIGH
7,3,1,7,1,0,HIGH
22,1,0,10,0,3,MEDIUM
44,3,0,5,0,1,MEDIUM
25,4,0,1,1,1,HIGH
19,4,0,6,0,0,HIGH
30,5,0,8,0,0,HIGH
12,2,0,7,1,2,HIGH
46,2,0,2,0,0,LOW
48,3,0,5,0,0,MEDIUM
18,2,0,4,0,0,LOW
82,1,0,9,0,1,MEDIUM
6,2,4,10,0,0,HIGH
41,2,0,1,1,0,HIGH
73,2,1,6,0,2,MEDIUM
42,2,0,3,0,1,LOW
45,2,3,9,0,0,HIGH
66,1,0,5,0,1,MEDIUM
64,3,3,6,0,0,HIGH
18,3,1,9,0,0,HIGH
6,3,0,9,0,1,HIGH
74,1,3,8,0,0,MEDIUM
21,2,1,9,0,0,MEDIUM
32,3,0,4,0,1,MEDIUM
70,3,2,6,0,2,HIGH
39,2,3,5,0,0,MEDIUM
9,2,1,5,0,0,MEDIUM
69,4,0,4,0,0,MEDIUM
44,2,2,2,0,0,MEDIUM
80,2,1,6,0,0,MEDIUM
60,3,3,9,0,0,HIGH
40,2,1,1,0,1,MEDIUM
49,2,0,7,0,0,LOW
27,2,3,6,0,0,HIGH
51,3,0,3,0,0,MEDIUM
35,2,0,1,0,0,LOW
15,1,1,4,0,3,MEDIUM
14,2,1,9,0,0,MEDIUM
71,4,0,2,0,2,HIGH
18,1,2,3,0,2,MEDIUM
84,5,0,2,0,2,HIGH
78,2,1,2,0,0,MEDIUM
14,5,2,10,0,3,HIGH
80,5,0,8,0,0,HIGH
5,2,0,3,0,0,LOW
9,1,0,7,1,0,MEDIUM
24,1,3,8,1,0,HIGH
12,1,0,3,0,0,LOW
47,3,0,2,0,0,MEDIUM
80,2,1,8,0,0,HIGH
5,2,1,3,0,1,MEDIUM
61,2,0,7,0,0,LOW
68,4,1,1,1,0,HIGH
32,1,0,6,0,3,MEDIUM
41,1,4,9,1,0,HIGH
51,1,0,3,0,1,LOW
80,4,0,7,0,3,HIGH
41,3,1,6,0,0,MEDIUM
53,2,0,8,1,0,HIGH
48,1,1,3,0,2,LOW
60,2,0,3,0,2,MEDIUM
32,1,0,4,0,1,LOW
83,5,2,3,0,0,HIGH
10,3,1,9,0,2,HIGH
65,2,1,4,0,0,MEDIUM
24,4,0,6,0,0,HIGH
82,1,0,8,0,0,MEDIUM
6,3,0,8,0,0,HIGH
77,4,0,5,0,1,HIGH
41,2,1,5,0,2,MEDIUM
24,3,3,6,0,1,HIGH
30,2,0,10,0,0,MEDIUM
33,2,0,7,1,1,HIGH
5,1,0,10,0,1,MEDIUM
39,2,0,7,0,0,LOW
74,3,0,4,0,3,HIGH
63,5,3,6,0,2,HIGH
73,3,1,7,0,1,HIGH
37,4,4,5,0,0,HIGH
55,4,3,5,0,1,HIGH
82,1,1,2,0,2,MEDIUM
16,2,1,7,0,0,MEDIUM
24,1,0,6,0,2,MEDIUM
57,3,1,1,0,0,MEDIUM
47,5,3,4,0,1,HIGH
54,1,0,3,0,1,LOW
33,3,2,3,0,1,HIGH
61,3,0,7,1,2,HIGH
43,3,3,10,0,0,HIGH
60,2,3,4,0,0,MEDIUM
47,2,1,8,0,1,HIGH
54,1,1,9,0,0,LOW
27,1,1,3,0,0,LOW
48,1,2,5,0,0,MEDIUM
42,3,4,4,0,0,HIGH
27,1,2,10,0,1,MEDIUM
49,4,1,6,0,1,HIGH
56,2,1,10,0,0,MEDIUM
84,3,2,4,0,0,HIGH
54,2,1,8,1,0,HIGH
12,3,2,3,0,0,MEDIUM
5,5,1,5,0,0,HIGH
12,1,0,1,0,0,LOW
33,2,0,6,0,1,MEDIUM
9,3,1,5,0,1,HIGH
51,1,0,8,0,0,MEDIUM
38,1,0,9,0,1,MEDIUM
69,2,1,8,0,2,HIGH
59,1,0,8,0,0,MEDIUM
47,3,0,3,0,0,MEDIUM
78,1,2,4,0,1,MEDIUM
34,4,4,4,0,0,HIGH
86,3,2,5,0,1,HIGH
21,3,4,9,0,2,HIGH
30,3,1,9,1,0,HIGH
12,4,0,10,0,1,HIGH
51,1,1,1,0,1,LOW
80,4,2,8,1,0,HIGH
76,3,0,1,0,0,MEDIUM
50,3,0,2,0,2,MEDIUM
72,3,2,7,0,2,HIGH
37,1,0,8,0,1,MEDIUM
5,2,1,1,0,2,MEDIUM
23,3,0,3,0,0,MEDIUM
35,1,1,7,0,0,LOW
84,3,1,9,0,0,HIGH
18,1,0,8,0,0,MEDIUM
57,1,0,8,0,2,MEDIUM
52,1,1,9,0,3,MEDIUM
73,1,2,10,0,2,HIGH
66,2,3,3,0,1,HIGH
70,1,1,8,0,0,MEDIUM
68,5,2,1,0,0,HIGH
74,3,0,8,1,0,HIGH
67,1,0,7,0,1,LOW
77,3,0,8,0,0,HIGH
37,4,1,1,0,2,HIGH
45,3,0,6,0,2,MEDIUM
52,1,0,7,0,0,LOW
17,4,1,5,0,0,HIGH
77,3,2,5,0,1,HIGH
81,1,0,7,0,0,LOW
35,1,0,3,0,1,LOW
79,3,1,6,0,1,HIGH
72,1,1,7,0,0,MEDIUM
8,4,1,1,0,0,HIGH
23,2,0,2,0,0,LOW
74,4,1,4,0,2,HIGH
86,3,2,8,0,0,HIGH
17,1,0,10,0,2,MEDIUM
27,1,4,6,0,1,MEDIUM
87,3,0,1,0,1,MEDIUM
79,3,0,10,0,0,HIGH
5,3,1,5,0,1,HIGH
58,2,0,7,0,1,MEDIUM
75,1,0,6,0,0,LOW
19,1,1,9,1,1,HIGH
69,3,2,8,1,1,HIGH
80,1,3,4,0,2,MEDIUM
75,2,1,5,0,0,MEDIUM
19,3,0,7,0,2,MEDIUM
25,5,1,8,0,0,HIGH
23,2,1,5,0,2,MEDIUM
64,1,2,9,1,3,HIGH
37,3,2,10,0,0,HIGH
53,3,2,4,0,0,MEDIUM
39,2,1,4,0,1,MEDIUM
48,5,1,8,0,0,HIGH
15,4,0,1,0,0,MEDIUM
76,1,4,8,0,0,HIGH
82,1,0,5,0,2,MEDIUM
78,2,0,1,0,2,MEDIUM
70,3,0,4,0,1,MEDIUM
50,1,2,2,0,1,LOW
13,3,1,4,0,1,MEDIUM
7,3,1,8,0,0,HIGH
30,1,3,5,0,0,MEDIUM
76,3,3,1,0,1,HIGH
52,5,0,7,0,2,HIGH
70,1,0,1,0,1,LOW
74,2,2,9,0,1,HIGH
32,2,3,3,0,1,MEDIUM
30,4,1,3,0,0,MEDIUM
29,5,1,6,1,1,HIGH
16,2,0,10,0,0,MEDIUM
9,3,2,6,0,0,HIGH
52,2,1,6,0,1,MEDIUM
41,2,1,1,0,1,MEDIUM
83,2,0,5,0,0,MEDIUM
48,1,3,6,0,1,MEDIUM
19,2,1,8,0,1,MEDIUM
47,3,0,1,0,1,MEDIUM
52,1,1,5,1,2,HIGH
74,4,1,3,0,0,HIGH
50,1,1,2,0,3,MEDIUM
47,1,2,8,0,1,MEDIUM
25,2,1,7,0,1,MEDIUM
27,3,3,10,0,1,HIGH
84,1,0,7,0,0,LOW
51,2,0,5,0,0,LOW
19,5,0,9,0,1,HIGH
29,2,1,5,0,0,MEDIUM
40,2,1,2,0,1,MEDIUM
79,4,3,3,0,0,HIGH
55,1,2,4,0,0,LOW
19,2,1,5,1,0,HIGH
72,2,4,3,0,1,HIGH
25,2,0,7,0,0,LOW
17,2,2,5,0,1,MEDIUM
23,1,1,5,0,0,LOW
38,2,1,6,0,1,MEDIUM
82,1,2,7,1,0,HIGH
72,3,1,10,0,0,HIGH
56,2,0,10,0,1,MEDIUM
31,2,1,8,0,1,MEDIUM
33,4,1,9,0,0,HIGH
32,3,2,4,0,2,HIGH
39,1,1,5,0,0,LOW
12,5,3,5,0,0,HIGH
20,1,1,8,1,0,HIGH
40,1,1,9,0,0,MEDIUM
34,3,2,7,0,0,HIGH
22,2,1,5,0,0,MEDIUM
6,2,4,3,0,1,HIGH
53,1,1,1,0,0,LOW
81,2,1,9,0,1,HIGH
8,2,0,5,0,0,MEDIUM
79,4,1,9,1,0,HIGH
11,1,0,10,1,0,HIGH
78,4,2,4,1,1,HIGH
43,3,0,5,0,1,MEDIUM
17,4,0,4,0,2,HIGH
35,3,0,2,1,0,HIGH
75,3,0,1,1,1,HIGH
67,2,0,8,0,1,MEDIUM
60,1,3,4,0,0,LOW
46,1,2,5,0,0,LOW
65,4,2,6,0,0,HIGH
46,4,2,8,0,1,HIGH
60,2,0,8,1,0,HIGH
40,1,3,7,1,1,HIGH
72,2,0,4,0,0,MEDIUM
11,3,0,6,0,0,MEDIUM
58,2,1,4,0,0,MEDIUM
5,3,0,7,0,1,MEDIUM
48,5,2,1,0,0,HIGH
49,1,0,5,0,0,LOW
51,2,2,10,1,1,HIGH
17,2,1,10,1,0,HIGH
26,2,0,4,0,0,LOW
25,1,2,7,0,0,MEDIUM
13,1,0,9,1,0,HIGH
30,4,1,5,0,0,HIGH
13,2,0,4,0,0,LOW
19,2,1,9,0,0,MEDIUM
14,4,1,5,0,0,HIGH
46,3,0,9,0,3,HIGH
76,1,3,8,0,0,HIGH
28,3,2,4,1,0,HIGH
84,2,2,7,0,0,MEDIUM
53,3,2,5,1,0,HIGH
30,3,0,10,1,2,HIGH
41,3,1,4,0,1,MEDIUM
72,2,0,5,0,0,MEDIUM
54,4,0,5,0,1,HIGH
28,1,4,9,0,0,HIGH
23,1,1,9,0,3,MEDIUM
64,2,1,6,0,2,MEDIUM
43,1,0,4,0,1,LOW
78,1,1,2,0,0,LOW
22,4,0,3,1,0,HIGH
23,5,0,2,0,0,HIGH
40,2,0,5,0,0,LOW
78,2,1,6,0,0,MEDIUM
59,2,1,5,0,3,MEDIUM
73,2,0,2,0,0,MEDIUM
51,1,2,5,0,1,MEDIUM
53,5,0,9,0,1,HIGH
37,1,1,4,0,2,MEDIUM
25,2,4,10,0,0,HIGH
85,1,1,2,0,0,LOW
26,4,3,3,0,1,HIGH
52,3,3,3,0,2,HIGH
41,5,1,9,1,2,HIGH
19,3,2,4,0,1,MEDIUM
39,2,2,1,1,0,HIGH
75,1,0,1,0,0,LOW
36,3,0,7,0,0,MEDIUM
15,2,3,7,0,1,MEDIUM
14,3,2,2,0,1,MEDIUM
77,1,0,9,0,1,MEDIUM
82,1,1,9,0,2,HIGH
81,2,2,5,0,1,HIGH
61,3,1,3,1,0,HIGH
29,3,1,3,0,0,MEDIUM
6,1,2,3,0,2,MEDIUM
68,2,1,6,0,0,MEDIUM
39,1,1,4,0,0,LOW
11,1,2,8,0,0,MEDIUM
22,2,2,5,0,0,MEDIUM
71,1,1,1,0,0,LOW
46,1,0,9,0,2,MEDIUM
43,2,1,1,1,3,HIGH
45,2,4,6,0,3,HIGH
79,1,0,1,1,0,HIGH
28,1,0,3,0,3,MEDIUM
64,1,1,10,0,3,HIGH
50,1,2,5,0,3,MEDIUM
23,3,0,10,0,1,HIGH
72,2,0,7,0,1,MEDIUM
46,2,0,10,0,0,MEDIUM
36,2,2,8,0,2,HIGH
43,3,0,9,0,0,MEDIUM
40,4,0,6,0,0,MEDIUM
40,3,1,9,0,3,HIGH
7,3,3,8,0,0,HIGH
77,2,1,9,0,0,HIGH
12,3,0,10,0,3,HIGH
74,3,1,4,0,3,HIGH
45,1,4,9,0,0,HIGH
72,1,1,7,0,2,MEDIUM
17,2,4,5,0,0,HIGH
53,4,2,5,0,0,HIGH
64,2,0,1,0,0,LOW
6,3,1,2,1,0,HIGH
64,2,0,10,1,0,HIGH
9,2,1,3,0,0,MEDIUM
48,1,0,8,0,2,MEDIUM
31,1,0,6,1,1,HIGH
36,4,3,10,0,2,HIGH
25,3,0,5,0,1,MEDIUM
12,2,2,1,0,0,MEDIUM
76,4,0,9,0,3,HIGH
54,1,0,3,0,2,LOW
71,5,2,3,0,0,HIGH
48,2,1,2,0,0,LOW
62,2,2,4,0,1,MEDIUM
7,2,0,2,0,1,MEDIUM
74,1,1,9,0,2,HIGH
6,1,2,10,0,0,MEDIUM
48,3,1,7,0,0,MEDIUM
6,4,1,8,0,1,HIGH
85,3,3,3,0,1,HIGH
39,1,1,6,0,0,LOW
34,2,3,10,0,0,HIGH
12,1,2,6,0,1,MEDIUM
26,1,2,1,0,1,LOW
48,3,0,6,0,0,MEDIUM
62,2,0,3,0,0,LOW
40,1,2,3,0,2,MEDIUM
73,1,0,3,0,3,MEDIUM
81,5,0,10,0,0,HIGH
35,1,0,10,0,0,MEDIUM
51,2,0,8,0,2,MEDIUM
59,2,3,5,0,0,HIGH
84,1,2,4,0,1,MEDIUM
66,1,1,9,1,1,HIGH
34,2,0,9,1,0,HIGH
59,3,2,1,0,1,MEDIUM
20,2,1,2,0,1,MEDIUM
16,3,4,8,0,1,HIGH
21,5,1,5,0,0,HIGH
20,3,0,7,0,3,MEDIUM
16,2,1,1,0,0,MEDIUM
12,2,4,10,0,1,HIGH
7,3,1,5,0,2,HIGH
20,3,1,3,0,0,MEDIUM
34,2,0,10,0,1,MEDIUM
27,3,2,2,0,3,HIGH
9,1,2,2,0,0,LOW
69,2,0,9,0,0,MEDIUM
34,2,1,4,0,2,MEDIUM
25,1,0,4,0,0,LOW
74,1,0,7,0,0,LOW
26,3,0,10,0,2,HIGH
86,2,0,10,0,2,HIGH
76,2,1,2,0,3,HIGH
36,2,0,3,0,0,LOW
37,2,0,3,0,0,LOW
20,1,3,6,0,0,MEDIUM
80,3,1,3,1,1,HIGH
42,3,1,5,0,1,MEDIUM
18,3,1,4,0,0,MEDIUM
40,3,1,3,0,0,MEDIUM
27,2,0,8,1,1,HIGH
70,1,2,10,0,1,HIGH
6,2,0,3,0,0,LOW
77,1,1,6,0,2,MEDIUM
69,5,0,7,1,0,HIGH
79,1,2,7,0,1,MEDIUM
71,1,1,2,0,2,MEDIUM
56,4,1,3,0,1,HIGH
66,5,0,10,0,0,HIGH
27,3,1,10,1,0,HIGH
30,1,4,4,0,2,MEDIUM
72,1,2,7,0,0,MEDIUM
86,2,0,2,0,1,MEDIUM
59,1,0,3,1,3,HIGH
10,1,3,7,0,3,HIGH
39,2,1,7,0,0,MEDIUM
26,5,1,10,0,2,HIGH
47,2,3,3,0,3,HIGH
19,3,2,1,1,0,HIGH
64,3,1,3,1,0,HIGH
16,2,1,5,0,0,MEDIUM
53,3,0,7,1,0,HIGH
46,1,2,4,0,2,MEDIUM
42,1,0,1,0,1,LOW
86,3,0,6,0,2,HIGH
49,1,0,2,1,1,HIGH
39,5,0,3,0,1,HIGH
34,1,1,4,0,1,LOW
34,3,1,6,1,0,HIGH
82,2,1,6,0,2,MEDIUM
10,1,0,7,0,0,LOW
71,1,3,5,0,1,HIGH
84,3,0,7,0,0,MEDIUM
11,4,2,2,1,2,HIGH
56,4,3,1,1,2,HIGH
18,2,1,10,0,0,HIGH
77,3,1,8,0,1,HIGH
19,3,3,1,0,1,HIGH
25,3,0,2,0,0,MEDIUM
39,2,1,10,0,0,MEDIUM
70,3,1,6,0,1,HIGH
6,4,0,1,0,0,MEDIUM
39,2,2,10,0,0,HIGH
86,4,3,3,0,0,HIGH
82,3,2,7,0,0,HIGH
24,1,0,8,0,0,LOW
86,1,0,4,0,0,LOW
14,2,1,3,0,0,MEDIUM
29,2,0,1,0,0,LOW
70,4,1,9,0,1,HIGH
29,1,1,10,0,3,MEDIUM
58,4,1,6,0,0,HIGH
37,4,1,6,0,2,HIGH
40,1,1,9,0,0,MEDIUM
18,4,0,1,0,1,MEDIUM
69,5,0,6,0,0,HIGH
84,3,1,5,0,1,HIGH
58,3,1,6,0,1,HIGH
56,5,2,8,0,0,HIGH
7,3,2,5,1,0,HIGH
45,2,4,2,0,2,HIGH
10,4,0,2,0,0,MEDIUM
29,3,0,10,1,0,HIGH
17,3,0,5,0,0,MEDIUM
12,2,2,3,0,0,MEDIUM
25,3,1,10,0,0,HIGH
72,1,2,3,0,0,MEDIUM
29,5,1,8,0,0,HIGH
83,2,3,7,0,0,HIGH
72,1,3,1,0,1,MEDIUM
49,2,0,5,0,1,MEDIUM
64,1,1,9,0,3,HIGH
16,3,1,4,0,2,MEDIUM
36,4,0,1,0,2,HIGH
17,4,1,8,0,1,HIGH
35,1,1,5,0,1,LOW
82,1,0,2,0,0,LOW
24,4,1,1,0,1,HIGH
22,5,1,3,0,0,HIGH
64,2,0,9,0,2,MEDIUM
67,2,1,1,0,0,MEDIUM
10,2,0,4,0,1,MEDIUM
36,4,2,8,0,0,HIGH
47,3,0,8,0,0,MEDIUM
6,2,3,10,0,0,HIGH
64,2,1,8,0,0,MEDIUM
27,4,0,10,0,0,HIGH
87,1,1,8,0,0,MEDIUM
35,2,1,4,1,0,HIGH
9,3,1,8,0,0,HIGH
87,1,1,9,0,2,HIGH
38,1,1,7,0,0,LOW
14,4,0,2,0,0,MEDIUM
6,4,0,9,0,3,HIGH
15,4,2,8,0,1,HIGH
54,4,1,5,0,0,HIGH
35,3,0,3,0,0,LOW
60,4,2,7,0,2,HIGH
83,2,0,2,0,0,MEDIUM
77,3,2,3,0,0,MEDIUM
87,5,0,9,0,1,HIGH
13,1,0,4,0,0,LOW
25,2,3,4,0,2,MEDIUM
77,2,0,3,0,0,MEDIUM
32,1,2,5,1,1,HIGH
66,1,0,3,0,1,LOW
11,4,1,9,0,0,HIGH
84,5,2,3,0,2,HIGH
20,2,0,2,0,3,MEDIUM
8,1,2,5,1,0,HIGH
8,1,1,6,1,2,HIGH
44,4,1,1,0,0,MEDIUM
21,2,1,6,0,2,MEDIUM
56,2,2,10,0,0,HIGH
56,2,0,3,0,0,LOW
40,2,0,4,0,0,LOW
42,2,2,6,0,0,MEDIUM
54,4,2,8,0,0,HIGH
67,3,0,9,0,2,HIGH
67,3,1,6,1,2,HIGH
66,2,1,7,0,0,MEDIUM
11,3,1,5,0,0,MEDIUM
31,3,0,9,0,2,HIGH
18,1,1,4,0,0,LOW
75,3,0,10,0,0,HIGH
9,2,2,6,0,0,MEDIUM
59,4,2,5,0,0,HIGH
6,2,1,1,0,0,LOW
66,5,0,5,0,1,HIGH
25,1,0,5,0,1,LOW
83,3,1,9,0,0,HIGH
25,3,2,1,0,2,HIGH
14,3,0,5,0,1,MEDIUM
62,2,1,7,0,0,MEDIUM
43,2,0,6,0,0,MEDIUM
9,3,0,6,0,0,MEDIUM
69,1,0,7,0,0,MEDIUM
17,1,0,6,0,0,LOW
57,3,0,5,0,0,MEDIUM
86,2,1,10,0,0,MEDIUM
49,2,2,5,0,1,MEDIUM
36,2,2,9,0,1,HIGH
40,2,0,8,0,0,MEDIUM
85,3,0,10,0,1,HIGH
64,3,0,4,0,2,MEDIUM
15,4,0,4,0,1,MEDIUM
67,5,1,10,0,0,HIGH
25,2,1,5,1,0,HIGH
56,1,0,3,0,2,LOW
59,1,0,8,0,0,LOW
30,2,0,7,0,0,MEDIUM
72,5,0,5,1,1,HIGH
38,2,2,10,1,1,HIGH
56,2,0,3,0,1,MEDIUM
86,2,1,5,0,0,MEDIUM
56,3,1,3,1,0,HIGH
33,3,3,10,0,3,HIGH
42,1,3,5,0,0,MEDIUM
46,5,2,1,0,0,HIGH
25,2,0,6,0,0,MEDIUM
46,1,1,10,0,2,HIGH
17,4,2,4,0,1,HIGH
68,1,0,4,0,2,MEDIUM
21,4,1,8,0,0,HIGH
13,5,2,2,0,0,HIGH
45,3,1,4,0,0,MEDIUM
5,3,0,2,0,2,MEDIUM
6,2,0,1,0,0,LOW
64,5,1,10,0,0,HIGH
52,2,0,3,1,1,HIGH
33,3,1,8,0,0,HIGH
14,5,2,6,0,0,HIGH
62,5,0,7,0,2,HIGH
64,4,3,2,0,0,HIGH
25,2,1,6,0,0,MEDIUM
32,5,0,8,0,0,HIGH
79,3,2,8,0,0,HIGH
38,5,2,4,0,0,HIGH
12,3,1,6,0,1,HIGH
63,2,2,5,0,0,MEDIUM
76,2,2,9,0,2,HIGH
53,3,3,8,0,0,HIGH
83,3,1,2,0,0,MEDIUM
21,2,2,7,1,0,HIGH
64,3,4,7,0,1,HIGH
49,2,2,1,0,0,MEDIUM
87,4,0,1,0,2,HIGH
73,2,1,4,0,1,MEDIUM
36,1,1,5,0,2,MEDIUM
48,1,0,4,0,1,LOW
69,1,4,7,0,0,HIGH
12,2,0,3,1,2,HIGH
81,1,0,7,0,2,MEDIUM
76,1,3,8,0,3,HIGH
47,5,1,6,0,0,HIGH
5,4,0,6,0,1,HIGH
55,2,1,8,0,0,MEDIUM
28,5,1,8,0,0,HIGH
28,1,0,7,0,1,LOW
21,3,4,6,0,3,HIGH
9,3,1,6,0,1,HIGH
24,2,1,10,0,2,HIGH
25,2,1,6,0,0,MEDIUM
62,2,1,8,0,0,MEDIUM
35,2,0,1,0,1,LOW
15,3,0,5,0,0,MEDIUM
56,1,1,3,0,2,MEDIUM
19,1,2,8,1,0,HIGH
87,1,0,6,1,0,HIGH
11,2,1,2,0,0,MEDIUM
32,2,2,7,0,0,MEDIUM
55,1,0,7,0,2,LOW
62,4,0,5,0,0,HIGH
9,2,0,8,0,0,MEDIUM
9,1,1,5,0,2,MEDIUM
12,3,0,1,0,0,MEDIUM
68,1,1,9,0,2,MEDIUM
14,3,1,4,0,0,MEDIUM
42,3,1,2,0,0,MEDIUM
85,1,0,4,0,3,MEDIUM
12,1,1,9,0,2,HIGH
29,2,2,2,0,0,MEDIUM
77,1,3,4,0,1,MEDIUM
70,1,2,2,0,3,MEDIUM
83,2,1,5,0,0,MEDIUM
54,2,1,3,0,0,LOW
71,2,0,10,0,0,HIGH
53,3,0,2,0,0,MEDIUM
40,3,0,9,0,0,HIGH
72,1,1,5,0,2,MEDIUM
82,1,0,10,0,0,MEDIUM
45,4,0,5,0,2,HIGH
66,3,4,1,0,0,HIGH
14,4,0,6,1,1,HIGH
25,2,0,7,0,1,MEDIUM
40,3,0,1,0,0,MEDIUM
16,2,1,9,0,0,MEDIUM
6,2,1,8,0,0,MEDIUM
17,2,0,8,0,1,MEDIUM
57,2,1,7,0,0,MEDIUM
36,1,2,5,1,0,HIGH
20,2,2,3,0,3,HIGH
36,3,3,9,0,3,HIGH
36,4,2,7,0,0,HIGH
15,2,1,10,0,0,MEDIUM
14,2,0,10,0,1,MEDIUM
19,1,0,8,0,2,MEDIUM
21,3,0,6,0,0,MEDIUM
44,2,1,5,0,0,MEDIUM
22,5,2,8,0,2,HIGH
59,2,1,3,0,2,MEDIUM
77,2,0,7,0,1,MEDIUM
29,3,1,2,1,0,HIGH
63,4,3,3,0,0,HIGH
82,2,1,2,0,1,MEDIUM
26,2,2,5,0,0,MEDIUM
34,5,2,7,0,0,HIGH
48,1,3,10,0,0,MEDIUM
36,4,2,10,1,0,HIGH
55,1,2,1,0,0,LOW
50,3,0,10,0,2,HIGH
25,3,0,9,0,1,HIGH
36,2,1,1,0,2,MEDIUM
43,4,0,1,0,2,HIGH
16,1,4,10,0,0,HIGH
51,1,0,8,1,0,HIGH
22,3,2,6,0,0,HIGH
25,2,0,6,0,0,LOW
17,3,0,9,0,2,HIGH
25,1,3,4,0,0,MEDIUM
12,1,0,8,0,0,MEDIUM
50,1,0,4,0,1,LOW
11,1,0,2,0,0,LOW
27,2,1,8,0,1,HIGH
79,3,0,7,0,0,MEDIUM
26,4,1,4,0,0,HIGH
26,4,1,9,0,0,HIGH
33,1,2,9,1,2,HIGH
17,2,2,8,0,0,HIGH
86,1,1,1,0,0,LOW
6,2,0,7,0,0,LOW
33,2,2,5,0,0,MEDIUM
83,1,0,7,0,0,LOW
56,1,1,9,0,1,MEDIUM
31,5,1,2,0,1,HIGH
54,2,2,4,0,1,MEDIUM
83,2,1,4,0,0,MEDIUM
27,1,0,2,0,0,LOW
48,1,1,3,0,0,LOW
81,4,1,8,1,0,HIGH
26,1,0,9,0,0,LOW
47,2,1,6,0,0,MEDIUM
41,1,2,10,0,1,MEDIUM
65,2,4,2,1,1,HIGH
60,1,1,2,0,2,LOW
7,4,0,7,0,1,HIGH
67,4,0,8,0,0,HIGH
23,3,2,8,0,0,HIGH
27,2,2,6,0,0,MEDIUM
33,4,0,10,0,0,HIGH
34,2,0,8,1,0,HIGH
43,2,2,1,1,0,HIGH
29,3,0,9,0,0,MEDIUM
12,1,0,1,0,1,LOW
62,1,0,3,0,1,LOW
20,3,0,9,0,0,MEDIUM
76,1,1,5,0,0,MEDIUM
5,3,2,9,0,0,HIGH
9,2,0,9,1,1,HIGH
7,4,0,6,0,0,HIGH
69,5,0,1,0,1,HIGH
8,4,1,10,0,1,HIGH
68,2,0,7,0,0,MEDIUM
14,1,1,6,0,0,MEDIUM
25,2,2,9,0,0,MEDIUM
50,1,0,7,0,0,LOW
31,1,0,4,0,1,LOW
70,3,0,7,0,0,HIGH
45,2,1,2,0,0,LOW
17,5,2,6,0,2,HIGH
13,1,0,6,0,0,LOW
40,2,3,2,0,0,MEDIUM
62,1,0,4,0,0,LOW
58,4,2,8,0,1,HIGH
16,3,1,8,0,1,HIGH
85,4,1,8,0,0,HIGH
82,4,1,8,0,3,HIGH
18,2,1,1,0,1,MEDIUM
38,2,2,2,0,0,MEDIUM
57,2,2,4,0,1,MEDIUM
24,3,1,9,0,0,HIGH
79,2,0,3,0,1,MEDIUM
20,2,0,6,0,0,LOW
74,5,2,7,0,1,HIGH
60,5,1,8,1,0,HIGH
87,3,1,7,0,2,HIGH
62,3,1,3,1,0,HIGH
8,3,2,6,0,1,HIGH
8,1,1,5,0,0,MEDIUM
24,1,2,10,1,2,HIGH
14,3,2,4,0,1,HIGH
28,3,0,1,0,0,MEDIUM
30,1,0,7,0,3,MEDIUM
41,5,2,8,1,0,HIGH
58,1,0,2,0,1,LOW
25,2,3,7,0,1,HIGH
78,3,0,6,0,0,MEDIUM
42,1,0,5,0,3,MEDIUM
50,1,3,4,0,0,MEDIUM
8,2,1,2,0,0,MEDIUM
64,3,0,10,0,2,HIGH
61,2,2,6,0,1,MEDIUM
49,3,1,5,0,0,MEDIUM
24,3,1,2,0,0,MEDIUM
21,1,0,10,0,1,MEDIUM
75,5,2,7,0,0,HIGH
8,1,2,6,0,2,MEDIUM
18,5,0,9,0,1,HIGH
7,2,2,10,0,0,MEDIUM
84,5,2,5,0,0,HIGH
62,1,1,9,0,0,MEDIUM
59,2,1,9,0,0,MEDIUM
8,1,0,1,0,1,LOW
28,1,0,5,0,3,MEDIUM
38,3,2,9,0,1,HIGH
34,1,2,7,1,0,HIGH
86,3,1,6,0,0,MEDIUM
23,1,1,6,0,1,LOW
35,2,0,7,0,1,MEDIUM
64,3,0,1,0,1,MEDIUM
64,2,1,4,0,0,LOW
23,3,0,1,0,2,MEDIUM
53,3,1,6,0,0,MEDIUM
67,4,0,4,0,1,HIGH
87,2,2,1,0,1,MEDIUM
26,3,0,9,0,1,HIGH
